screen_name,created_since,favourites_count,followers_count,friends_count,listed_count,statuses_count
BernardMarr,3306,6984,115258,22122,4594,30591
annyfalkonerth,3170,944,75,72,0,240
diegoalvarado,2853,2,66,390,1,0
dabautistac,3005,1535,878,2889,6,647
DigitalFoneTNF,1383,1110,6343,6513,68,4198
Liliana01758166,50,0,0,25,0,0
ChimueloPower,1365,61,902,1586,0,248
hapunetworks,139,0,0,3,0,0
ruedaferney,2547,921,35,161,0,54
arodrigueze_,2992,4357,327,1256,12,1676
guajaro,3506,147,171,188,5,237
rod_and_,170,2334,58,414,0,387
CarlosEscanoV,3476,10501,1066,1584,8,28267
Amanda_Diaz_R,426,173,24,261,1,217
sorel_de_brest,3122,2181,122,772,2,2660
felipesantos0o9,2979,4329,443,533,2,5818
magedmagdy07,3155,286,779,1404,7,1417
stksnstns,59,3,3,128,0,1
alllberione,2766,5,4,242,0,17
DevNetCreate,736,8012,2718,2252,55,1973
martintelefont,1611,952,2192,5155,33,1058
qimin_18,167,0,0,3,0,3
sam_dunes,1633,3472,118,262,0,2493
PapelJess,3454,43006,327,344,3,4780
FreddyDoesIT,168,1,0,12,0,7
ConMasGarra,2854,1223,599,1226,1,1854
davidychen1,1181,13,18,175,1,5
MeganWa45360028,32,0,0,2,0,0
TeamDigitech,669,3112,329,2044,1,5465
Arq_LeonardoAc,2540,181,72,1220,0,133
rohan_chaudhury,908,0,29,688,0,3
Olivia_Fern19,193,201,173,267,0,123
anamariasosam,2662,392,665,1128,17,787
ridikperezd,3499,965,44,92,1,48
ZaksViz,485,7594,789,865,17,741
Micheld47650391,84,0,12,668,0,7
Ceezar89,3443,39,9,109,0,50
jesse_vig,3575,75,734,2685,13,51
quintasmendes,3590,33,178,331,14,58
EddyGiovanniRo1,302,27,0,97,0,0
juleneperdomo,3494,1446,138,560,0,743
Rodo_Huertas,3405,1177,140,573,2,1469
tobybarnes,3995,12313,3260,2177,165,37330
orlandxrf,3142,1055,103,443,3,426
camediala,2152,1231,47,696,1,24
serguzes,2757,3538,2693,3439,23,4651
jcalatrava,3169,30,132,827,14,299
_btanmay,2840,234,399,732,15,1735
ajmp0691,1735,1451,29,251,0,855
k1ug3,3690,464641,1807,3718,101,144051
sandipanh05,1639,76,44,942,0,59
voxmenthe,3476,2077,614,5004,17,456
alanponcerod,3180,1843,67,788,3,544
ai_linkin,78,13,83,200,0,197
RobbieJFrye,2397,6628,1210,2147,82,7149
ITRuginski,2407,674,312,825,10,97
RiveraPrieto,3178,1239,24873,24957,40,11937
leonatns,981,7,5,66,0,5
tipsder,563,1,466,15,12,296
AbuFaris_4,2233,21,14,339,0,87
Thienthanh_le,889,4744,56,661,1,1286
HarryCTorres,310,0,2,31,0,8
mariawidmer,2173,377,467,870,22,107
EnrikeLopez,3448,24690,3595,4656,2542,51988
jsparadacelis,1285,2396,98,718,2,1172
W_R_Chase,290,1798,228,506,5,651
montsehid,2939,530,627,206,36,192
jrodasch,3591,211,589,2017,16,92
2VERO,3562,7884,629,746,145,4939
agbales,3444,1605,1480,3537,34,802
nadiafank,3027,1617,557,958,62,1208
JuanOchoaSa,1716,51,84,869,0,49
vaibhav13053009,908,1,5,26,0,0
p_humm,2679,39145,2238,2338,170,36783
AnnUJackson,1075,7471,3420,2066,138,2776
sureshvenugopal,3429,0,6,27,0,2
DreaBatch,2298,37,39,104,0,19
SimonBeaumont04,1029,3748,1959,786,54,3599
acrahen,3601,17314,4345,731,107,6670
AraGee9,487,21,2,69,0,1
caromarink,3485,184,220,340,0,220
jofish,4436,682,2237,755,99,1053
yfelizzola,2526,66,123,155,5,464
elpais_retina,1296,671,20208,485,668,9487
leslysandra,3478,25560,1617,4855,37,7481
cabralita,4184,6017,10567,7475,626,16822
EdwinBohorquezA,3212,43,2639,706,56,5550
darioingiusto,3920,1644,1181,3245,54,2499
Lamitai,3103,975,227,478,2,245
diana_jimeno,3603,3791,450,795,31,3096
shan_gsd,645,5354,376,492,6,649
JPaulCastell,2673,399,73,321,4,184
Juan_AlcarazS,3437,7213,2154,710,31,9488
MeDicenFito,3230,16596,1129,2681,21,11389
CarlosA80914807,141,0,0,1,0,1
AnitaRui2,2584,1202,467,2618,9,1350
nataliavivas,4397,21834,6806,1856,456,48712
ales9000,3520,1299,491,405,29,793
TamaraMcCleary,1846,118580,298698,222402,8444,93408
rbarbagelata,2176,369,113,630,0,113
MiguelAndresFL,3236,2198,219,644,1,1021
spmejiar,1984,64,29,241,0,38
esteban8am,3502,34,49,75,6,130
jdreyespaez,2406,375,536,839,24,841
wsfajardo,3076,16,74,183,0,503
muribecastro,2905,1469,217,540,3,828
maxseans,3428,2186,247,2295,1,1069
ectello32,2212,86,74,323,0,200
betancur,3922,246,2789,2181,232,24846
Ramirez01Ramrez,2019,20,205,712,15,1563
Sandraortegafer,2839,25,63,89,3,34
KevinAlexisGar4,2520,86,187,218,1,109
BabakBadnava,1898,1575,55,345,0,60
wzr_9,702,22,7,93,0,530
tatianareyesc,3353,3530,309,1794,4,1119
nataliapizac,3870,1078,1220,991,27,3298
PedroCanoLATAM,2161,2522,211,415,33,1524
Cundinamarcatw,2589,755,3756,1839,24,1181
producTICvidad,3302,1079,549,402,21,4394
gregoriopatino,3577,21165,620,622,341,24953
Camohe90,3355,110,172,357,1,308
edusuramerica,1961,256,211,433,1,512
_carlosherrera,3419,8408,1855,4992,59,10464
wdaza,3957,53419,1852,3946,122,104918
YesikFernandezM,3036,417,252,720,5,422
shumymi,3199,2919,244,290,17,2342
Tata_FCM,2448,335,101,454,0,1613
cristhiancho,3521,109,61,224,1,92
juancguerrac,3191,1072,276,405,15,1655
andresovalle8,2817,4249,335,2932,63,3734
MauricioJaramil,3734,57220,63047,7081,1453,102136
apacu22,3035,1243,270,914,13,17905
IvanOntibon,1941,2,21,25,0,12
JohnRios0510,737,3566,48,349,1,375
Desvanecida,3314,2407,122,197,6,4133
jcgarciaotero,3492,81,106,195,1,177
BryanLoaizaV,2842,55,76,295,0,45
PauG_13,3414,6716,871,543,106,9177
Paula16755978,519,8,15,42,0,4
AGD1972,2905,438,51,292,0,689
joannaprieto,3499,14557,12605,6283,527,48189
OscarFalla1,2550,41,18,20,0,49
andresposadap,2608,3,10,60,0,54
marcelaosorio24,3497,31,1874,577,37,3564
AdrianaMGutierr,2859,2174,1685,585,20,2410
smart_keralty,2796,9,76,210,1,23
mafeforn,2434,78,36,287,0,209
jlamus,3022,232,242,325,1,705
Lu_Pedraza,3479,871,679,1181,16,6696
JohnJLache,2394,506,85,518,1,520
maurovelasquez,3825,286,310,587,7,1391
hfortich,3081,1505,65,164,4,1612
BCrissien,2541,1513,582,346,12,701
nachomejia64,2375,128,24,131,1,57
angelmusikal,2633,796,648,735,3,2716
elsapoylaestaca,2955,434,89,176,3,1609
AMARQUEZM80,3105,31,39,99,0,34
paulaperezg,3270,25,123,186,4,157
JhonFon70032530,773,0,1,9,0,3
juanpablorocha,3648,870,1455,967,34,3095
Esmevelandia,2827,653,164,352,0,333
Mateoval18,2591,2750,201,363,1,6201
DanielaGalindoB,3182,468,315,116,11,582
apmayorg25,2614,224,41,145,1,368
raigohead,3934,8113,5719,2500,204,40270
augustomorenoco,2786,4027,1398,897,36,6702
JuanDaCastano,1666,783,454,237,5,741
chapulin_bog,291,342,4,46,0,156
luchopipee,3227,3686,575,545,10,11970
anakarinaqa,2827,609,1145,584,14,908
camihurs,2800,4962,298,529,22,12106
mliberini,3582,1167,1038,194,73,5577
anamruizcer,1722,68,13,64,0,12
felipks,3488,1650,536,1631,12,3237
JRESCOBAR,3466,479,638,2174,1,806
santiagopinzong,3525,26567,4661,2598,295,34545
ECBTIUnadCaribe,302,530,133,154,0,340
Velarozo,3545,104,134,201,5,1014
mvargasupegui,3141,347,65,82,0,299
AndresBoteroV,1004,0,14,50,0,1
barchila11,3178,2140,167,119,1,1170
martialejo,2757,52,55,98,0,106
alejav1007,2798,661,102,343,2,931
PitaGor41911091,168,241,7,151,0,15
Mauricioriosh,3135,227,115,200,0,158
tfaponte,3512,183,180,352,1,6829
rubiojorge21,2704,6279,192,315,2,531
jos3milio,4109,477,740,946,28,2772
catalinalopezg,3460,3163,353,530,8,6214
arobledosilva,3088,4,57,117,0,36
adriaristi,3532,1825,60,293,0,57
JhandyBello,1834,704,326,386,0,3111
EliuribeS,1014,30,15,37,0,26
GLADYSOCM,2945,188,37,112,0,181
jrratato,2491,4773,202,446,3,39319
SoyTechInfo,1429,35,25,257,0,33
adrcano,3197,488,23,517,0,212
betolive,4360,1314,1956,2503,116,7940
fidelcanoco,3520,2176,166360,1419,1219,17508
joseaces,3442,73,81,314,1,202
JestebanExcel,362,24,2,84,0,8
Lilimatt,3424,11880,1682,2303,50,27541
adrionzb,3063,721,199,335,4,798
elbergutierrezr,2881,869,2461,891,33,3323
Agustinlp77,3196,30,15,22,0,32
alejo_ang,3294,458,79,310,0,2153
cgallegom,3487,262,434,509,1,63
WACastellanosM,3056,7,64,21,14,374
emireiro,3227,35,340,395,7,1430
ncleguizamon,340,21,6,98,0,6
linaarbelaez,3536,2213,2132,989,22,4816
dianadoor,3290,1375,360,1296,7,4826
AlvaroMarquezCa,2927,693,541,211,10,3631
BMVCali,3204,42,39,56,0,49
gabrielecarva_r,648,1413,43,138,0,186
maurozuc,2665,419,188,597,2,733
alejowhite,2946,894,146,979,1,1002
LiAngulo,3065,120,427,1515,26,614
mateocr19,2882,1748,98,211,0,1524
marganavarrera,3137,180,40,282,0,7
juanpagp,3202,230,262,1537,4,456
jgperezch,3116,382,628,458,23,2870
Chamis40,2104,17,29,189,0,211
MairaGarciaJ,1271,42,69,96,1,140
Lizaleon,3259,157,18,121,0,77
jseslavag,3521,1899,1030,1054,14,885
DianaMontoya,3590,12924,2413,884,23,4407
jalexgarciab,3223,131,253,1106,4,992
llopezca,2720,268,217,445,0,165
danielburitica,4040,559,2405,719,63,3014
lacucaramacara,3659,812,894,588,46,17933
JoleRestrepo,3294,2818,14406,13336,380,19056
patriciasd,3670,609,96,257,37,530
puertodigital,3178,22392,2503,2865,75,30778
JoseCaparroso,3505,2761,4568,1679,43,13858
laitho,3594,2,13,208,0,2
gautamborad,3370,27,46,112,6,80
PeterRipka,874,12751,177,1583,17,2167
DariusPhilipp,265,66,19,198,0,41
ngfriedman138,2750,259,121,290,7,291
res_gi,238,58,84,1501,3,9
nimdoc,2939,2274,706,1637,38,1254
RhobearI,184,348,969,4668,5,181
tamilyn,3967,108,85,1012,5,531
oliveira_mc,3511,4540,77,721,0,422
kireals,1705,2401,32,311,2,473
nazifberat,3490,6899,3119,4946,50,6485
highqualitysh1t,1865,558,1625,679,16,270
taesiri,738,5260,32,812,0,31
puneet_pushkar,1780,18,48,422,0,92
JeffClark,3978,979,4031,813,515,2433
shafiahmed,4337,5,1,3697,2,1699
julian_naranjo6,1526,2,35,233,0,210
YeferDMarin,1909,72,41,262,0,15
santiblanko,3026,453,411,437,33,812
degrammer,2206,128,291,1120,13,588
ChFong,769,20233,5581,4730,64,2449
c4milo,3570,33890,1662,1643,112,14992
fergalus,3207,2407,77,1037,0,229
julian_duque,2871,13787,10103,3734,324,18049
maleja111,3432,8202,1406,531,30,3951
cat_c_b,817,3053,163,631,2,534
heyDrEC,2223,14,23,192,2,154
grantpezeshki,2237,676,32,214,0,62
iris9112,2674,11072,759,826,15,4152
anfer515,2794,4,11,143,0,1
jspairani,2473,2803,34,165,2,100
fy_fanfan,971,84,81,313,14,33
cpenalozag,385,9,4,16,0,21
anamcard,1639,20,18,650,0,11
GBPlucinska,1069,316,446,497,13,241
LacePadilla,748,280,1195,227,9,181
mjskay,3570,1685,1555,96,49,663
aa_yair,2158,9,15,150,0,6
CartesDuMonde,158,1528,667,3468,9,649
jtheo,4432,27116,1741,1667,28,2013
twochoicestom,3655,1868,257,560,4,3124
tutorialznow,2154,15,38,114,3,44
JessicaHullman,2055,1382,1759,330,80,720
drpaulparsons,1925,72,112,329,6,39
C_Sterzik,2504,1374,341,373,12,701
MalloryATLdata,1364,581,364,792,13,416
vishalkumarldn,1840,5312,481,1281,12,638
martinjhnhadley,2528,8673,1023,1783,70,9563
PabloAl34849692,383,0,2,15,0,31
recifs,3045,3121,1536,1219,142,37872
PeteAnsell,3631,3175,2630,4240,203,4343
Bryefe,510,2001,41,577,0,202
gcarolinarojas,3242,3253,113,495,0,2080
vlad0x,3498,3,40,74,1,124
ritsos_p,3572,3147,1197,2485,114,1991
mudfire,2536,4037,1190,945,107,3136
FerchoMartinezC,2842,5166,1550,971,18,7686
aastroza,3542,4528,949,1706,25,11385
GavinWayte,1735,1351,294,610,5,1059
andy_scholand,3913,3287,214,2460,5,188
10_arjun,2527,391,220,437,4,439
cpirako,3480,2276,95,352,0,373
fabiancpl,2888,56,43,87,0,28
carolinanobre84,982,77,53,127,1,21
RadhoueneAzzabi,3226,2,33,17,1,0
parraguezr,4055,1533,1380,2713,43,2309
erickedu85,3527,101,71,199,0,113
YuriEngelhardt,2868,1149,1936,291,161,561
Tarazona_D,2661,7380,1941,687,55,18392
Matthew99958789,113,0,0,14,0,0
PierreRaimbaud,146,20,3,15,0,14
jfcali,2859,677,131,594,1,671
racar69,881,667,11,50,0,34
neal_at,754,4166,383,351,11,719
OrgYoga,169,0,42,728,0,7
mgoscar,3339,242,53,503,1,272
GuijonGustavo,601,530,61,225,0,782
CongresoVisible,3452,4317,21105,2710,426,35512
jufemun,2454,2527,149935,624,95,7039
luchoecheverri,1508,25670,645,4242,4,9611
joseraulm,3481,6,13,28,1,20
maciassoyrock,2479,49,10,128,0,122
ijcgajournal433,854,0,26,632,0,187
jpnoriegah,3694,278,479,441,12,673
MFAN_SX,457,20,2,30,0,16
habamadrina,2903,3175,1118,1672,63,12149
So_Cogny,1196,448,83,373,3,152
jcplatac,3603,376,378,1564,15,1687
dataillustrator,559,29,1018,77,41,33
mlguttierrez,1432,1961,145,343,1,1017
juansefm,3232,1086,830,2176,5,1775
achavito,2895,18360,1035,938,23,33494
Joan_Correa_R,2546,2294,72,350,1,639
JairBustamanteM,2563,4113,224,1319,3,849
anferchez90,2025,314,180,1345,4,2498
Raquelie_Sa,3026,4497,527,594,3,2093
lagosest,3401,557,590,1314,0,3323
AFonsecaGalvis,1813,3247,505,1165,8,749
alipios,3312,21800,697,1458,15,8977
_adrilu7,3074,1091,227,2106,0,709
pedropmorcillo,3196,757,383,843,7,1450
elikesprogramm1,139,15,0,20,0,21
santiagoconde7,2217,10,4,42,2,8
juanve98,2838,40,89,409,0,52
aJohnGuerra,3530,0,162,1904,3,219
oscar_marriaga,2559,16,78,120,0,181
crixolo,1447,9,15,393,0,0
trevmanz,3492,591,236,498,0,101
mooseabyte,2940,6475,1335,2144,61,6986
Dv_Zamora,2306,171,50,426,0,90
DiegoBaco23,3038,665,922,1200,21,9608
Osorious,3318,23491,2279,4380,54,46946
javibarrIus,3226,3387,114,475,1,7885
mpirateque,3140,8934,656,2001,17,14648
drchristianbern,3093,85,174,122,0,1025
EDWARDGOYENECHE,3162,9303,299,357,6,5598
dimibaro,2590,79,36,122,1,33
ojofranco,3493,197,101,177,0,474
JustinGosses,919,2344,366,868,23,1177
yureimacv,3459,102,14,85,0,267
fanofactor,2369,252,51,682,5,547
GutierrezSagit,238,84,13,93,0,9
CifuentesAura,2833,2347,1239,1349,131,4449
vamos_alcazar,3545,1108,193,1302,5,507
VivianGomezCb,184,10,3,9,0,29
angiemvelezp,2578,29,43,203,0,22
kyotastorm,187,37,5,41,0,39
YangYangQian,2106,53,2,140,0,0
PazosCaro,1987,2,2,16,0,0
_Huumbug,3141,10795,438,872,3,4023
popcornducore,3220,4726,476,576,6,31010
leoguti85,3882,236,116,414,5,228
ANDRESVEGA925,3064,6,60,246,0,443
hektor_cl,3269,679,187,474,1,130
Ganjagui_San,861,76,28,220,0,20
estarguars113,1920,2619,130,524,2,482
CoolBarnacle,694,1649,71,651,3,198
edalfon_,1756,7,8,24,0,2
comparativamel,219,2,6,78,0,13
RAFAJARDO,3372,565,884,2706,25,19865
GuidoHero,3411,107,632,1164,8,2576
JUANDARAMILLO,331,1181,149,1425,3,1645
annettegreiner,3188,28,104,91,8,303
hectorchiao,2658,555,25,170,0,18
acastroaraujo,3201,7292,339,600,3,5659
Colcheck,1092,1165,14208,5642,130,15533
EGEColombia,167,1,12,162,0,1
dnarvaez27,3382,544,128,767,1,275
mneira011,1719,168,13,271,0,30
jpvg10,3312,2555,36,141,0,556
clegrillo,2839,32,82,341,1,190
johanastar1,3238,641,85,221,2,410
gonzalezluque10,756,581,22,109,0,204
linaramirez0604,1993,570,41,311,0,116
cespinosa10,3504,659,245,1485,4,1201
JGarcia_Estevez,2459,2590,618,593,3,693
marisbotero,1101,1084,459,864,26,760
jarapha,2874,4,36,103,0,217
ingecobog,2746,3365,372,768,5,6647
AtiQuinones,2237,31,105,346,0,214
NiaOrozco,3570,9441,1155,1252,9,12756
jarturop,3266,114,84,177,1,96
SebastianRubio,3647,5566,1084,1531,59,3927
kevin_hanna_,3385,1,27,98,7,78
narinotic,905,3072,1208,409,13,2940
marisamagar,3317,4744,1106,1512,74,8303
JUANLOZADAG,1100,568,228,726,0,355
daviddiazrincon,2742,876,67,537,0,441
armandorp10,2637,36,164,165,1,190
NataliaArenas1,2695,20,236,1011,5,107
1aquintanab2,1611,16574,175,440,26,17872
bramaz3,2348,3859,111,1406,0,1906
jairo_bastidas,2883,384,167,739,0,1260
JuanSRamirezD,1706,830,137,543,2,1358
angelicamabg,2924,748,96,261,1,349
Azahares07,581,2387,66,416,0,405
andrea_rojasa,2889,3111,123,533,1,1059
erreconese,2569,135,89,763,0,503
marcastl,3308,2045,140,941,3,2197
Maria_Isabel_AZ,523,17,0,48,0,0
uvva,3568,1714,464,138,5,6926
S_BenavidesC,2855,3444,453,1070,2,1638
JuanCamiloUR16,974,13,3,19,0,33
Ms_ZulmaC,2581,121,23,109,0,119
CarbonariRosina,348,7334,97,446,0,3755
juancprzs,3439,126,24,578,0,7
inguniandes,1979,2373,8626,767,56,7272
quiroga2020,582,173,164,628,2,579
umutaliozbay,1707,107,54,648,0,62
catalinalozan11,2273,1,10,93,0,3
_Vouto,175,24,6,373,0,1
NELSONMIGUEL8A,2833,31,24,243,0,254
Gabrielpab,3404,5912,1560,472,6,5907
ramonlaborde,3432,284,499,1899,3,684
Raguamente,2633,3829,327,1622,6,7067
diegocuellarsar,1695,170,19,294,0,22
Alopezortiz8,1279,26,66,905,0,15
dyah2018,1705,2754,60,513,2,2170
ArtistasZona,3026,15763,1481,2195,93,75633
Camilosqui21,2465,13,11,85,0,41
anamari41297470,2257,55,198,1293,3,996
Pibe125,3432,5576,448,2839,1,2664
miltonelaudaz,2953,303,247,411,0,1509
luchoceliscnai,3233,7793,10279,7754,95,174252
johnoct,1805,15182,194,937,1,29865
jbedoyavilla,3759,7,107,308,2,40
julianbarajas,2873,2477,483,1168,4,2563
ManuelSpinel,1993,1070,37,160,0,512
luccossie,1799,2,10,195,0,0
Marceambiental2,342,4820,23,170,0,76
Pulgaguila,2743,86,201,690,0,371
omarali01,3100,3302,199,1225,2,2951
Rochelle99r,1715,19224,762,1276,6,41854
RchrdN_,2985,17641,442,2068,3,6587
jrenesa,2807,288,213,617,1,6568
carlosandresvp,3473,1375,698,2479,2,4312
julian_gahe,1527,11018,130,1208,7,3056
Reyitos1,3315,6241,114,511,0,6605
SergioGonzalezF,3180,29243,2637,3163,44,145157
KmiloVg,3412,1081,155,647,0,3342
AngMarRivero,2779,1301,64,1338,0,533
JuDavCastro,3141,1161,147,1055,1,2020
darodriguezj,3157,296,80,1054,0,600
PgGallegoart,1664,1506,143,687,0,10522
Pan_DeTienda,3514,1293,422,1101,3,20261
jego9130,1962,183,36,476,0,142
FabianGaleano95,2349,10299,384,1388,2,3595
Sebastiaanvaa,3015,12242,120,669,0,12857
Nemcatacoak,1822,5819,1268,3556,1,8109
jualquimo,2293,222,7,143,0,186
aldana_josel,1507,3648,293,575,1,2921
javierdanilomur,2605,239,657,1842,4,5135
ZapataHady,318,983,24,978,0,17
DSanguinoZ,2605,450,153,1249,0,730
sontohi,1085,22620,579,1236,0,27791
Ricaraguas82,2659,16828,806,4970,5,11669
luisfelipehenao,3242,17574,47329,1428,237,46780
Ssalazar1508,772,14261,79,789,0,6856
go_vargas,2976,2208,818,1338,29,2657
alatorrecorro,3109,4172,1051,4371,8,12350
lina_duende,2066,31,51,154,0,46
mauvela,3458,779,87,1215,0,278
milangacali,559,2623,656,460,8,637
arpagon,3920,1752,565,1822,17,2741
LauraPTamayo,3579,1787,354,1121,18,5155
pabloabitbol,3597,2255,4070,1942,184,14686
LinaDiaz17,2697,303,22,386,0,49
LasernaBogota,2950,2936,10941,4965,70,8718
DISCuniandes,2353,498,2766,181,66,5166
mpachoncv,3175,4963,2973,2198,62,6756
juandacontreras,3475,3800,381,450,5,3875
MiguelMaceaM,2950,2179,12333,13110,46,41930
sboteroc,3277,865,348,461,8,972
fbenitez001,2752,285,151,444,3,356
dwhitelined,2707,1088,290,560,8,4137
col_en_datos,272,4,500,2201,4,46
sarangof,3545,8118,1640,530,1,15309
Petite_Lucia,3136,1222,94,317,2,693
danielflorez111,3147,353,123,198,2,38
keyvhinng,2377,1068,55,2146,0,9
__NSL__,684,1190,108,664,1,85
LeopolisDream,2668,406,43,281,2,118
_GabeMaldonado,2071,967,40,126,1,493
hsclouse,1453,26,90,1014,1,3
J_Vazquez_M,2188,3218,451,1230,11,3528
El_Gafas,3570,206,85,432,1,261
CharDataSci,173,10,2,21,0,6
Navdeep_Gill_,1359,3954,594,650,168,2506
jesselcalvillo,618,102,19,86,0,54
geekFreak75,304,4511,758,4873,7,88267
jjsantoso,2898,1388,248,691,1,405
KellanNg,423,297,62,998,1,72
tony_fanto,327,11,24,211,0,3
nutritiousbig,3463,23309,206,828,7,1621
alexdimarzo,2343,9892,752,1887,9,13061
MoniMCarva,2183,172,92,214,1,763
gSggekF2XDoNjM8,407,0,0,46,0,0
_cloudbuster,2736,225,145,1109,4,41
MarwanMhn,2761,125,41,534,2,221
mrprecario,3566,1047,100,817,0,2000
cubosensei,3286,2136,532,418,35,49394
SeguraAndres7,3082,1,84,138,0,140
Gash_ander,2214,5,10,227,0,6
DanteRuizMtz,2809,1350,69,1287,5,97
GeorgeMcInt,2923,22547,1098,3604,28,4858
ksvberkeley,455,0,0,9,0,2
systatz,1064,2104,115,325,5,136
favstats,2538,4794,1613,5002,44,2668
davidsichinava,3465,1198,2193,2154,32,2574
Roongdonsai,3447,1185,312,714,8,296
alexlinaresb,2029,5224,33,595,1,0
Andresfl710,184,12,10,26,0,27
van_Faren,1262,19,34,386,0,136
datajake,2831,20604,345,1323,5,3433
erinlrichter,1413,483,70,123,0,242
_mxochicale,1371,4540,858,3785,108,4037
stevenndungu_,571,147,46,545,0,3
CHARLESNIKOV,3524,1154,128,216,11,9155
karenhytteballe,1694,517,123,319,1,283
ajraft,2938,5,5,142,0,1
CarloRock,3491,100,181,2296,1,147
biinsightnz,3522,329,243,151,26,668
pbidocumenter,248,101,264,24,10,70
diansanchez,3398,1527,391,1921,11,5108
408cd59943ae4ba,1146,3,1,84,0,12
sarahlovesdata,1370,47952,4760,2213,140,12965
isusquiza,3219,3178,87,741,8,1098
ggrosskelwingn,503,18,18,142,0,486
effehan,3433,483,225,339,11,360
datasci_andrea,1192,7877,739,1624,45,473
01717257469,2653,3791,179,2670,3,1768
djihane_damoo,852,591,35,365,0,39
krigran,283,120,1,164,0,4
ealpv,2818,18630,387,2683,11,747
zanismlab,2488,2559,181,1387,37,6327
ocasto2,1364,15530,113,1324,0,747
abhizz,3587,1461,103,1294,1,318
Keith_Not_Kevin,3003,22761,1072,4991,25,34345
ArashShadkam,2379,833,119,349,1,200
Nouzr,2752,5716,356,781,25,12026
AbdullahAkbas_,703,303,61,201,0,101
SinghTweet7,2401,8857,89,1174,1,2445
tahsin_mayeesha,477,1438,151,698,3,1257
GabrielPintoP,2626,1508,72,29,0,945
dersteppen,3452,37,1467,2949,239,2029
CamiloAnzola10,257,29,4,54,0,20
re_gonzalez10,1826,32,0,19,0,35
SabogalOrlando,2548,1170,22,281,0,224
germainggz,2217,0,4,94,0,3
Nicolas9411,2978,89,25,54,0,126
yelperalp,3704,2275,475,440,27,3012
oncoscape,289,198,613,5002,5,87
Goerman_Rafi,2639,9,60,121,1,138
Monikduran,3492,2041,58,77,2,788
carovar1,2627,0,16,11,0,5
jucelo1,3200,1,1,7,0,3
LuisGeBorja,3654,1789,129,486,3,694
TamayoV88,3493,1623,220,161,12,32817
jguille27,2513,0,25,17,0,2
XergioAleX,3376,1199,389,764,43,2669
soorghali,2921,3376,1209,4988,26,1260
gijnRu,855,5101,919,2972,32,5766
syntagmatic,3397,1045,1544,292,153,768
joserzapata,3564,324,168,455,4,150
Nathanbasw,3579,598,82,1283,0,94
dunabit,3518,57850,287,315,518,23305
katguzmann,3607,5305,470,2045,21,1599
meghanmcarr1,1446,16368,298,518,223,19647
j_barria,3229,1142,259,543,6,1654
vyraun,1065,2440,99,3006,1,32
mgrautoff,3507,1213,944,910,30,27767
nellygocheva,1087,266,1123,978,23,222
keesh_6,1223,8,0,47,0,3
ak2197798,425,46,268,883,1,36
terrancepmlaw,2402,0,4,106,0,1
sebasariash,2789,3,15,143,0,4
georgosgeorgos,804,110,32,1231,0,0
dariopalacio,4070,1803,1371,310,40,9052
lcastelblancos,2862,69,44,299,1,75
mapis_rios,2653,148,17,176,0,45
deblnia,971,50407,456,783,3,427
jjgiraldoaristi,286,4,0,33,0,8
wriordan,3514,3986,760,976,31,2643
ssolarte,3306,284,267,823,2,1382
drpalacios,3590,53,197,535,1,654
ColombiaOff,455,3,0,32,0,0
Jiang0717,1814,1488,75,400,3,377
MbetajimeJ,1551,5573,74,710,2,2243
alice_inMacondo,436,44,3,106,0,59
cinefilo73070,3200,221,347,3491,0,1231
violetasdev,1412,2339,143,241,19,1420
juliandresbv,1106,102,24,487,0,24
JorgeIRamirezC,2706,800,295,291,0,472
JiviteshPoojary,294,126,28,1086,0,37
ramirofierro,3564,10,74,183,1,21
limboctante,3554,1268,694,550,22,2698
GioAlbarracin,1733,1405,92,773,0,1025
alejgah,3139,5196,402,1871,2,1404
RonanKMcGovern,3143,3,154,111,4,172
blou,3885,139,124,360,4,647
eljhonan,2853,151,97,656,2,657
ElisaMeloB,2858,72,20,9,0,16
carlcardona,2133,173,45,152,0,112
TurriApple,3722,8823,1468,1019,26,83490
diegopajarito,3307,14445,1159,2531,150,14400
feliartu,1818,1492,86,513,0,70
Pachoman,3945,1660,1779,868,68,12218
vVvA,3823,5315,1239,1224,77,5794
CristianGuaje,653,1796,28,219,0,477
germanchou,4025,5780,1146,609,35,11566
aladinoster,2774,1097,190,782,10,546
nozuan,4040,293,3461,198,208,17582
EllaQuimica,1521,7484,1263,2135,58,3734
DataScienceFEM,423,1243,341,374,4,617
raulspot,3674,305,376,1136,5,2280
andresbarreto,3999,2033,21945,2945,914,12432
FerCagua,3892,403,430,584,15,2016
JSnunki,3149,6223,1770,1166,88,5539
xfry,3705,5570,1648,1177,58,9256
rizotas,2051,98,120,333,20,854
marcelogbastos,3823,94,168,307,77,603
HyperFitted,2859,4975,216,464,4,457
ltciro,1062,8673,1660,2672,30,3020
camicasi81,3095,592,234,746,2,494
andresherrera,4160,886,796,1319,29,8848
joebradly,3632,1764,8,248,0,2
johan_avendano,2329,9417,587,1161,4,10813
Villegopolis,3090,104,95,386,3,37
maheshkumark_,1908,3259,200,2505,1,392
eth4io,2913,216,637,619,18,4881
lucastulo,2649,13029,246,2396,1,2373
Vicmunro,3319,2881,2599,1616,114,10784
fracadpa,2598,2167,68,795,0,110
libardgutierrez,3091,3158,127,573,4,3309
kvikas572,2406,243,40,918,1,72
trustswz,3025,2153,2115,507,38,680
heghbalz,1572,17677,681,2843,136,12710
Greg_Croft,2290,1222,38,386,0,43
trujilllosky,296,191,533,1089,0,117
nestorfsantos,3393,67,626,457,11,1509
JaredHeinly,709,1052,509,1494,11,1191
tjukanov,1914,7369,6790,2254,186,4227
ZLTM_david,1233,9808,321,1735,8,1316
dbumbeishvili,1116,403,100,310,3,66
idtq,3386,10929,230,3369,5,2818
azuur,3685,4085,424,1265,3,4003
bharath_kv,3591,5706,106,2184,0,398
GaucheGastropod,1846,7788,356,4999,10,1000
ialuronico,4043,1376,826,2858,122,4055
radfordparker,2222,1041,189,618,10,259
mmoein__,3504,125,16,499,2,16
AndresMaconde,1373,2749,136,2282,0,289
CehernandezEcon,934,2133,638,1005,24,2082
mahdi_karimian,549,428,359,3494,4,47
educalabs_cl,242,0,13,117,0,7
marioale1,3128,386,149,1658,2,252
imuko_co,539,198,62,426,0,184
lui5zm,1331,88,20,244,3,48
faanloco,2930,54,57,93,0,286
krisshaffer,3217,28385,2605,538,231,267
camiloibarrra,2942,1120,388,717,7,1641
selection_bias,1156,121,7,216,0,254
SantiagoCF96,2120,145,15,38,0,24
Rembrandtsx,2091,3936,130,262,3,3095
anamapolancog,2253,0,3,61,0,3
bcpartners,3219,259,123,513,3,185
Didi_pr1,604,34,5,51,0,16
SocialEnBogota,1681,5792,34336,23556,288,1065960
foss4ghfx,260,73,256,1776,1,72
cpintoval,3442,1427,237,979,18,11641
PardoAlejo,2837,290,122,272,0,1639
JuanRestrepo9,2673,32861,1384,3399,46,19604
avilajonathan,3590,433,59,342,0,274
yoresongo,3367,1117,3675,712,89,107142
Psyhistorian,2267,13943,387,4526,18,14291
ArturoDeckard,2220,1831,43,446,0,0
wfpinedar,2492,470,192,495,2,2110
_pedro__vicente,1228,1,14,62,0,16
alejo1287,3298,379,98,115,0,1277
FOSS4GEO,2805,1514,457,1236,32,3852
agytynmaguegg,2260,2181,37,217,5,778
CMorenoK,2331,54,337,483,40,339
_mkazi_,495,540,429,145,20,382
koiralaaaa,3421,366,85,268,2,193
dasrotrad,3382,430,24,378,0,60
mapserving,3590,5164,3993,1663,182,7039
sbardella,3805,2158,279,657,3,588
legrixarthur,1196,851,138,880,1,351
BrianLehman,2295,3662,1034,992,76,2720
AarynOlsson,434,6290,240,1185,5,843
pcrickard,3154,5318,1722,3024,137,8751
Detroit_Geo,3549,2693,121,1186,2,1229
geomenke,4246,14316,2019,1563,119,6967
dcastano,3669,470,286,2480,3,1198
rukku,4068,74993,1559,2480,372,43246
Bogota_SU,811,305,458,184,13,1096
DrArtunduaga,3274,5318,4905,5459,254,9638
chrismarx,3801,4086,430,1025,16,1845
danc00ks0n,3326,24309,3527,4999,117,14182
phillipsjm,3981,1309,852,2521,41,2192
FadlounSamiha,991,111,26,232,0,39
severalchars,429,1009,59,628,1,46
moritz_stefaner,4351,16461,16209,1348,1241,16017
richielionell,3556,3646,267,590,34,4832
isarbahamon,485,10722,93,439,0,12847
AVdestined,1667,751,0,662,0,318
buggymcbugfix,768,4565,277,604,16,1932
RicardoSabogalU,2442,10693,35001,682,124,16627
Onosz,2386,4730,807,4146,17,4019
markhm,4238,1124,663,3685,28,1438
IvettAlexa,1367,5748,1038,492,50,718
charlesyeo,3651,1305,376085,117610,3850,79929
santir2004,2869,110,5,179,0,99
gingerbeerux,959,11017,68,1739,0,416
EngagingData,1264,309,118,101,1,361
AEcheverriR,386,41,6,68,0,24
Ravelinx,1520,31,9,40,0,26
TomasVenegas6,387,0,3,15,0,24
jmdominguezWebD,385,140,3,74,0,119
sebas9064,1216,48,13,69,0,44
MintBookings,1179,11,3856,4637,4,4
amartiu,2955,21,21,68,0,1860
AlexstradaI,467,255,54,939,0,219
RayaSharbain,1736,1613,501,2624,28,1918
samihamumu,2007,4236,190,477,2,407
jairoruizsaenz,1638,4,10,19,0,6
suriname0,1186,754,62,740,0,49
AnnuskaP,3847,1580,607,1987,13,854
Realseanhollins,290,66,20,481,0,79
craiganslow,3954,5366,865,1845,47,5043
proyectoeden,3147,1857,127,501,1,1366
DoctorET,3153,1664,1352,2094,36,1444
andrikos,3778,976,1488,475,88,6589
jdavid167,2457,646,113,778,0,2275
San_Genie,2223,27271,219,332,2,8995
LuzAdri123,2103,91,1,216,0,3528
majo225,3384,3518,135,494,0,3009
DianaCMJ_95,430,609,63,975,0,169
andresgrossov,2689,12435,167,663,1,2079
JorgeaCAMACHOl,3246,1723,2048,4991,21,18851
alexamarbo,2408,2407,36,217,0,5637
GusPe_GPF,2449,20419,447,1079,10,4646
elcachaco,3510,5156,3694,1073,84,66863
sendicmpf,1695,2341,356,1236,187,7442
ClauAlcaldesa,798,8408,647,1031,1,3290
gabrielont,2503,11060,818,3003,6,20135
bertdg,3493,668,127,4995,0,1
andrescarreo2,2850,207,17,305,0,50
AndresBorraezA,2393,944,378,1249,4,21086
ArturoSin5,1963,81333,999,2099,3,95579
laminahmed5,440,45,15,659,0,40
e2d3org,1396,3680,1633,4000,284,8171
datakmart,1583,9954,2133,497,97,2998
sanegaytan,3579,2253,690,448,40,20120
alexbfree,4114,8601,1614,3391,128,6706
dagrado92,2377,1,18,135,0,7
sergiocabrero,3331,186,356,717,17,834
kierancutting,2620,13313,1411,3627,25,13322
itsnotmyfault01,3177,331,295,4845,3,3138
Juan__Gonzalez,3543,4734,573,1093,68,9656
carina211,3851,3237,1613,981,154,9839
wakouboy,1115,9,1,78,1,39
blackdrummer88,2043,1638,253,1180,0,1083
vastur,3561,197,420,326,16,176
SlackHQ,2149,155366,380406,145510,5975,225352
salomonheim,1475,57347,97,804,0,13126
thedatavizart,591,151,215,899,2,5
reydward,3443,19,65,186,0,150
myANdrew16,3042,3628,131,226,9,6957
RamirezAmayaS,2619,3459,462,1581,5,11050
luialopezg,3262,4821,78,320,0,3112
juanfer_medina,635,5,3,11,0,22
marcotulioteran,3176,86,144,626,18,2242
sonnykwe,3532,0,29,75,0,5
fruys,3616,1549,2222,1239,135,1740
dalbersszafir,3030,1391,1026,1003,60,781
sabrina_nusrat,3467,773,28,298,0,45
ganarg2003,2480,5420,58,246,2,2934
TebanDeSade,2868,1274,325,946,13,2830
bdryja,3504,225,93,286,5,132
William11008843,404,173,1,111,0,6
nletcher,3535,14136,567,3957,9,561
danihriverac,2014,79927,1419,2465,52,29069
DRCASTA,3617,149,79,1579,0,33
pvictoria15,2767,2601,1178,1199,5,36379
eliana_mejia,3701,1336,449,1822,12,1440
adaircotes,390,84,23,233,0,103
PiCaLla,3180,3511,147,979,2,4409
LasGafasPuestas,3027,15384,733,939,9,16630
catabotello90,2594,80,154,145,2,609
JuanSebastinH12,362,107,13,340,0,32
VebiBautista,3155,21,6,144,0,50
Karelman,3738,621,1217,1288,158,23926
JuanDHernandezG,3229,1408,486,710,52,3883
MarioEstradaL,2239,216,63,394,1,151
carlosdiversity,1670,313,183,390,1,359
biconnections,2539,44650,63744,44912,13061,412007
mariarestrepov,1079,865,14,648,0,70
andinet99,3243,18548,240,3377,1,477
PatillaCountry,3242,205,123,268,1,397
reypipino,3128,67,82,552,1,258
harrycampaz,3106,597,4822,753,41,10714
epidermicus,2466,1519,45,446,0,1667
elperro_romero,2315,3844,328,1202,3,3610
nicoguaro,2733,1567,239,195,21,6428
goanpeca,3010,1450,738,4790,10,1483
PucheNavarro,3104,17683,768,621,12,10599
guevara_galindo,416,2043,35,163,0,1164
lilimaca_,2933,1939,149,440,0,7199
fejuanpe1012,1407,13513,75,427,0,403
soliviantaos,743,323,87,902,0,310
MAUROBATI,3241,14,243,1057,1,3403
andrurb,3416,510,113,544,5,1927
EyderRojas04,1218,2057,86,765,0,484
Alqui84Forero,2216,2587,119,435,0,1502
garagge,3442,598,236,861,13,1196
patolozo,2928,2900,245,848,2,3785
ChirrySandoval,3483,2319,432,1067,2,7356
narizam28,2337,45317,669,507,5,13665
alfredoardilag,2892,3118,1044,880,13,34864
luis_arley,2832,89,103,747,5,77
jessecogollo,3215,5892,696,985,43,6826
fabicas,3498,413,499,2377,5,4567
evegah97,1471,5,19,140,0,6
lufemoca,3288,42,8,77,0,5
http_417,3219,253,429,4978,5,5301
Henn_DLH,3645,107,176,382,2,684
vanemendezr,3503,2361,722,1468,1,4046
RincondeDiazSuS,1773,820,355,3946,4,2322
JaimeCardonaVil,694,100,143,1078,3,845
metodocuantiusa,1486,177,47,63,3,103
arcadeanalytics,444,40,2207,4963,30,42
DavidAKrupp,815,2241,869,553,46,877
Infosourcer,4345,18055,8501,9402,644,12351
BenTwist14,686,688,67,838,0,37
FmFrancoise,1382,30349,7898,8548,3643,126643
UnAltoFlaco,2876,19137,362,2495,2,11660
cmlesquivel,3276,2132,290,1150,8,2271
jmolinaVar,2554,1838,321,687,4,2680
jsneiza,3236,138,155,221,6,216
mabhi5670,500,14,10,551,0,1
RISC_Software,898,25,42,173,1,107
oigonzalezm,3359,2270,47,199,1,263
bikthor,3735,19838,503,1346,64,44607
PVacaV,2718,2980,5255,1998,58,4631
adefajar2014,1325,31,49,944,0,343
Aay17ush,1406,3372,133,1454,1,574
hydrosquall,2696,4074,677,2197,130,1252
JKennethGuerra,3126,1007,1182,1307,39,4693
hoyoscata,3564,500,154,163,1,161
_Cristian_Silva,2849,373,100,780,0,3
mfrazzini,3940,6836,107,795,6,719
lotalorafox,1306,246,43,405,1,186
sergio_arod,2878,2981,150,369,0,2378
anniemacua,2804,3576,130,623,8,985
emartigo,2071,347,123,317,0,321
calypso_bronte,2683,5145,975,4776,13,4356
EsneiderVGo,569,12,12,105,0,47
alej4mbd,3515,8701,422,1030,8,4072
sirMubarakh,356,11,11,120,0,9
fboteroj,3724,1900,2585,1261,49,8122
mk300ss1,1060,21,3,95,0,9
nodoticRda,357,110,41,530,0,168
cronosnull,3653,1926,384,387,24,5883
penubar,3437,610,67,423,0,558
NicolasCabrer,385,25,10,19,0,29
silenceway,4039,199,1727,4981,127,64582
sinasbesto,2575,2936,1555,2119,5,4479
GalvisNieto,1728,2146,162,1309,0,814
DatosFrescos,603,478,244,1734,2,259
coautonauta,3566,387,1864,1001,111,10917
noalsilencio,3877,5390,5033,2734,218,45342
PENGUINANA_,3394,25192,1471,1629,159,37085
jennasaurus,3705,135,127,153,6,131
wittjeff,3624,311,441,2895,21,247
ManjeetRege,3210,44909,18310,23271,217,5193
4rshdeep,723,0,13,386,0,7
Samujjwal_Sam,2364,753,220,2577,1,275
AciemRisaralda,376,14,260,2539,0,107
CesarSan7,2646,41,156,239,0,100
poderosaschicas,2072,2081,7401,532,210,2569
aibreaker,1712,693,25,337,0,151
ItzMuHasaN,2236,19082,590,420,6,3271
DenisFitz57,2208,18,180,5001,2,11
ismaelgomezs,3485,4418,472,1432,16,3403
mirzask,3823,3464,169,1048,4,1627
f_l_o_u_r_i_s_h,1000,429,3290,1494,117,283
karstetter,4341,5783,949,731,180,3858
zekiakyol0,406,2040,186,2248,2,175
DataScienceInR,1023,173,621,874,84,885
WinVectorLLC,2142,1833,2039,1996,230,3161
Sandippalit,3144,19,2,54,0,11
rcorredorj,3484,1272,315,681,21,1858
PaoPrieto,2492,2879,203,484,7,1344
tgogos_,1786,151,62,942,0,69
jonnynewburgh,901,8316,0,1714,0,90
rzapatal,3557,1753,1874,1466,40,9837
wavyboi95,982,331,9,184,0,112
dsrastorguev,1957,891,321,4430,8,903
gregariouswolf,403,16,41,158,0,1116
Harry_Stevens,3442,2015,3495,1144,151,4953
epicyclist,2671,496,45,336,17,1018
bcem_uniandes,1209,138,128,350,0,106
phantomfractal,2777,359,4766,12585,74,45662
CeGonzalez13,553,15,5,4,0,23
dimkagialis,505,425,135,4491,2,851
camontenegro11,385,39,8,43,0,45
Benzwq,2536,240,10,164,4,32
nicholashamlin,3097,686,508,1610,13,593
Nicolas_Agui,2977,17,73,79,0,93
David_Laiton,3042,26571,142,635,0,1811
jmalovera10,386,9,3,12,0,25
fbarrientose,2465,24,60,825,5,280
3r1nG,3520,8237,4505,4959,146,28871
shuqi530,1964,0,9,1021,0,1
JaneLovesData,411,61,20,66,2,122
joshpresto,2705,2784,324,231,13,1550
karlosaugus,3252,29,32,127,1,57
lilachmanheim,2434,8444,1445,602,76,3098
saouderkirk,3510,7733,3201,4999,143,5011
BelGuede,1568,564,677,556,11,544
Daot_64,1891,202,69,430,7,1585
accthacked0,833,281,0,4036,0,0
AlisonDavey,3669,491,145,711,10,552
dhandeepjain,3425,5,512,635,9,454
DanRubins,2388,1703,1214,1765,100,1248
emailmleonard,1601,2,34,1094,1,8
dnjfrmqwoddl,429,6,0,26,0,3
kristammar,3768,2126,256,907,10,824
Tommy83407948,601,2,1,101,0,16
TagwikiEs,1411,326,528,1151,53,2323
Yashs744,2563,1846,141,746,0,77
Daniel_M_J83,3381,19703,1588,5002,16,6160
josemolingracia,632,1697,138,1402,4,563
mostr8,3221,7262,201,1017,0,2751
ftoresh,3508,253,284,705,4,1459
datakarpenter,3917,1183,516,5009,10,898
stonegao,3705,5569,490,4760,27,1212
JoelBomane,4113,7301,1698,4973,54,9032
ukrdailo,2395,161,60,297,2,96
julianavalango,457,10,100,715,6,967
digitalbizumzl1,480,5,77,636,6,870
JhanakParajuli,1381,793,151,715,3,563
karthik_badam,1577,444,251,410,11,79
felipezambranob,2364,1120,409,3380,3,400
reroes,3497,2160,934,1009,72,15372
DanielAlthviz,1536,57,23,38,1,41
Char_does_data,3136,293,109,78,0,1281
s_daptardar,3224,58,82,542,3,364
lia_valero,3309,2429,918,1445,41,3826
ladamaurbana,2032,2453,362,1493,2,2293
wim_vanderham,3232,1,79,318,2,26
osovillada,1986,6536,1355,1203,32,4947
Juandmt22,2353,234,156,1151,2,349
Hermannschwyn,2929,6757,282,2518,13,10326
yuliana_aag,2230,1510,231,954,0,1182
imendivelso,3516,4534,263,603,2,10512
TheColombist,2764,562,832,2007,16,3062
ArangoDavidG,3191,10497,803,2481,17,8121
DianaSalinasP,3346,9769,11459,1063,76,16552
rulinck,2674,108,325,757,2,4545
CarolinaGome_z,3317,12698,809,761,9,7950
ElPoder_Elegir,500,312,1317,66,14,622
de3ug,3524,2342,274,1100,21,967
fabianheredia5,2261,7,41,87,0,154
dandrai,3580,153,146,1776,6,331
clicc_,530,533,204,1508,3,157
clare_mcd,3821,1372,1674,899,245,1856
mikelaingeru,4317,541,1047,1193,98,3374
MeMohanty,2696,705,583,461,12,639
datasketch,1281,1670,2959,866,70,3807
Charlesxtsang,3356,40,4,128,0,32
aryalabhi,1830,16,43,66,0,151
HuifengLin,544,177,17,628,0,21
Leonceano,3417,153,294,310,18,1501
FusionCharts,3724,358,1868,1850,189,2402
ichiki_k,3219,10494,340,958,46,12419
The_One_WR,1448,2843,322,1836,45,6706
drvaIentin,2456,2992,560,1543,24,2589
meguadamuz,718,1778,122,544,2,161
mr_z_ro,3515,3413,742,2072,97,3381
TonyWang_cn,3207,71,102,947,21,1773
MichaelDevinsky,1283,1691,221,1050,12,1592
sadmear,3232,5585,162,477,3,2352
ialeT,3036,35,709,2000,61,1743
timholds,2938,6566,236,1539,4,246
MorganKleene,3033,912,13,437,0,24
tanototo,3142,814,239,1168,16,536
CRVanPollard,2774,2985,695,1102,27,2752
SJTPY,455,197,15,250,0,10
donerrollcruz,3740,3891,293,683,3,11271
bhattaraisr,3211,258,48,570,0,581
FBetancourtC,2660,381,1164,1104,192,928
JulesMariano,3149,5950,1727,656,53,27293
task5622,1795,7290,62,890,1,741
omaraltaher,3219,49,932,204,118,23941
guillaumephd,730,0,13,1018,0,0
chihebchebbi201,1317,865,422,1085,10,1824
pymacbit,430,612,168,208,2,499
kgenom,1579,38,20,486,0,17
accesine,4350,5125,1174,3228,21,200
pablodecm,1771,682,256,1245,14,186
deeppiper,1063,5090,111,3287,47,411
acherm,3455,969,1036,3561,73,7454
bushcat1,3143,575,81,622,0,379
salesforce,3586,13296,447943,160316,7173,55317
lalatweets01,1036,174,91,745,0,1115
SanazBahargam,1473,3842,641,565,13,560
EMastai,479,88,2,145,0,0
maalvarezl,2364,1574,465,409,6,468
joaodtroia,721,215,103,971,0,381
CanBritGirl,3506,791,186,390,5,718
dficenec,3596,62,23,210,1,22
ivanajwilliams,1848,1459,749,1151,75,830
memoselyk,1386,1441,54,760,1,110
anupamme,3808,753,172,896,3,703
SepehrAkhavan,2712,1049,249,1228,22,615
djherreram,2362,1380,508,5000,4,294
AndreaLPope,821,2,3,37,0,0
Daniela96522348,433,0,0,88,0,0
Branhammertime,3126,1698,510,808,9,787
GarcFab,2588,2657,102,446,3,291
dschnr,3288,1197,362,422,12,175
fit_ml,439,28,3,13,0,32
diegoalejogm,2227,417,127,325,9,235
freestatman,2868,6156,222,850,83,2700
clemens_anzmann,3246,534,246,689,24,1002
rccclr,3578,2332,122,1085,40,4020
tushar_handa,3022,0,168,1891,2,50
CancerMusketeer,2385,457,100,232,3,241
VHIOLETA,3494,1247,6,283,0,89
data_kat,3450,3637,1088,3941,92,1810
lksmth,1051,1055,121,211,9,813
JulianLuqueRod1,447,0,4,116,0,0
maritrinez,2492,433,570,769,50,438
audiopitch_co,752,0,41,371,0,6
daniels13ca,3454,344,153,275,4,6906
omarrojasg,3353,182,97,265,0,3365
casmangabo,2136,507,123,394,127,3392
jennifer870817,1791,424,99,449,4,1455
eavillagran,1673,120,116,143,3,56
yvchin17,1079,0,8,94,0,0
juans3bas,829,110,19,66,5,138
TainLuquez,909,7,2,45,0,0
rodcruzh,2882,2812,663,874,36,10149
macos_lovo,2859,686,219,1377,3,942
hfelizzo1,2908,2101,161,480,3,1039
JancoD7,3605,3260,512,887,38,15808
df_herrera,3106,11,40,92,1,16
geekcesaryop,3104,58,18,224,0,30
soniaardila1,2305,18084,975,465,113,2304
maurosmr,2680,91,34,167,2,756
MileR0920,3064,28,92,280,3,1
AndreaRojas52_A,449,8,2,64,0,4
diegosym,3462,4,40,127,0,60
diazdiegop,2577,20,95,138,1,1511
rikk_uribe,3432,94,138,303,4,604
GiovaFore,832,1,8,30,0,20
jagalvis348,2191,39,36,98,2,49
amacayaku,2364,67,10,63,0,82
juanita_v226,1941,40,54,146,0,25
cptain77,2605,189,0,20,0,56
mausosqui21,1813,193,39,118,0,92
afmpaz,2787,415,159,425,4,421
ManriqueCamila,2780,12,32,74,0,59
juusechec,3017,638,106,207,4,2335
cesarausan,3990,282,234,398,2,2736
overgara2010,3333,828,108,545,4,227
martinmeneses,3633,96,530,3145,15,913
dasalazarb,2962,1229,472,2408,49,680
mauuuuu5,3526,450,37,214,4,630
vidfel,3463,70,151,287,2,194
radnajela17,2990,128,82,112,0,1925
jorge4138,3184,78,66,505,1,156
pacomacondog,551,3,1,67,0,17
g_s_nath,1011,1239,204,1203,147,2088
joelgombin,3845,4779,7968,7294,352,74374
adanvr,3567,24893,74,416,1,959
jesus_leal,3639,416,283,783,34,381
ChristophPepin,2105,20,73,530,2,38
Exoplaneta_,1136,13099,0,169,0,4465
DanEllisScience,894,434,94,357,7,186
DiegoRBaquero,3046,61157,2650,814,70,1726
cerokb,3340,1461,515,1614,42,2725
JoseM_Arrieta,2812,1642,577,2787,65,3401
7auraO,466,39,11,79,0,28
jucearma,1757,162,18,155,0,71
alejo_melmac,3465,3301,95,188,1,119
ivanfelipe05,1867,0,48,933,0,6
WaldFTW,1808,257,57,273,0,118
curiouslemur,531,56,64,171,1,118
miriah_meyer,585,277,922,199,34,107
jamesparsloe,940,3,35,2264,0,0
vega_vis,486,333,1238,84,36,182
torihubertz,2946,642,687,1584,34,2381
CTaftCUs,1003,530,251,681,5,361
h4pz,2987,27,124,622,11,5
robcrock,1480,3737,711,153,57,2180
sjengle,2979,1714,533,352,61,2754
mikesdatawork,1771,1,37,528,1,296
Risacuario,2985,617,191,497,3,362
wgquevedob,3505,50,37,182,0,49
curtishurrikan,631,0,0,11,0,0
aacruzr,3640,264,302,418,27,2461
ricardovaronv,2945,123,69,375,0,235
arqsalazar,2839,58,65,175,0,392
jordanscott__,1217,4703,1095,755,59,1293
gabybouret,2591,1787,1409,2114,99,2391
GregSheridan12,2688,1306,70,850,1,24
louisarcher,3648,5800,1248,1899,98,1964
iranoo45,2295,41,14,184,0,12
Laithon,3353,414,455,633,7,2011
cgscottDVA,1686,6058,850,707,57,1396
dreamsofdata,666,2600,799,1099,29,687
Toby_Baker,3594,537,242,235,15,3698
alexeskinasy,1471,215,136,239,16,206
simplygoodcn,3449,29,21,113,0,93
IngAVargas,3213,1051,295,878,10,2067
Jordanheag,2505,10382,286,3082,8,2074
AlleMeineDaten,743,1716,461,642,19,230
nicodeplaza,2884,59,60,378,2,152
osr2015,2345,0,64,1084,0,3
ShawnWallwork,719,237,139,147,7,206
unclesam51,3625,3139,97,910,1,947
b_murphyb,2019,331,12,136,3,79
SimplVizBest_YK,479,3730,645,478,20,1607
Castillonis,3371,3146,121,191,14,920
JWasilGeo,1557,1344,671,450,50,1123
yjkim1008,1294,2818,137,673,0,2041
jmvergel_tw,2827,55,70,1367,1,151
DepressedATAT,804,2646,17,125,0,356
yacsm,2754,36,39,324,0,27
appfuturenet,2931,2,38,128,2,13
pdiazq,2761,3,19,123,0,32
amanda_patist,1009,11136,1671,2120,84,2903
NynyF,3237,98,122,107,0,110
FALCON_toolbox,502,11,21,87,1,11
ExtensionUD,1420,269,959,2718,2,862
juli_y_ya,2957,349,108,222,1,2396
erikaris,2857,273,153,496,8,785
virtualdz,2969,690,36,388,8,341
machawk1,2569,3111,465,402,44,2072
danielesavasta,3124,44,71,368,6,52
mx_olivares,2797,1368,189,1828,4,319
wardtoward,1499,324,49,657,0,5
jongen87,2880,31,82,625,37,2155
bhargavbardipur,3435,2280,436,4975,42,5172
ferranmorales,2827,4382,1105,1763,115,3528
hackingPolitely,757,159,19,225,0,15
rgesteves,2541,2855,99,4996,0,25
denisparra,4014,8224,1453,1589,161,9842
dvatterott,3940,1861,189,400,30,737
flekschas,2945,2363,238,386,5,480
wwfalcon,4132,5425,442,4251,22,10646
tamaramunzner,2016,10881,4672,333,245,2656
mvictoras,3127,1451,2715,1373,188,6375
allan_rocha,3233,943,196,202,9,316
taShanklin,497,2,6,179,0,0
alefro77,3174,5,39,91,0,21
oswaldovh,3493,83,32,87,0,116
JheisonTriana,3317,2319,305,541,16,1190
Silvanafaccini,3271,86,81,17,1,5
anmatibaba,509,27,5,91,0,1
FrankYoungyy,511,13,12,441,0,15
slinanromero,3455,5,12,21,0,8
izenmania,3711,7,483,257,52,15203
rekiagus582,3090,3,6,119,0,0
DianaCSolano,3083,5,21,151,0,36
OmarAQuinteroC,3445,56,32,279,1,364
Lincex7845,2616,480,143,442,1,338
leomonterol,3279,19,59,693,0,21
martino_design,3576,868,1025,676,91,552
momezac,2943,183,96,265,0,48
yeimmylee,3192,273,365,215,4,851
Jesandovala,3056,0,15,95,0,17
JuanManRules,2914,22,38,100,2,12
J053noir,2499,522,107,409,1,396
SaraLopezV91,687,4,5,59,0,0
PaullaRivera,1493,1472,36,239,0,293
clubinnovacol,2512,385,840,610,22,1090
MarylightA,2915,5,15,92,0,8
alexrindvis,1559,173,159,184,12,211
pabloaba,3159,26,72,110,1,13
tomasoc_arg,560,2329,153,236,2,508
EscuelaQuinoa,2431,84,331,896,6,371
VibeEconomy,2847,13758,592,4949,18,2458
BCKwon,3598,194,181,300,11,139
vlarandac,3595,2205,352,1043,10,6387
MansinMarie,536,76,442,2825,1,29
charles_perin,2077,454,576,521,30,325
PNorlander,3373,10248,386,1056,14,413
dtmatbrown,547,677,62,311,1,123
SeekPratik,928,1560,70,748,2,419
NickHencher,3240,7781,1420,2245,144,17811
DylanWu,3746,16,13,444,1,50
Maurici59762514,538,0,7,95,0,0
r_vokzal,3337,33,34,99,1,113
Ferreira_Group,3333,2445,702,4881,2,3088
angusforbes,3633,2064,355,384,16,255
TimothyHurt,2686,627,57,84,1,150
Rob_Mulla,3965,210,80,233,2,163
mattburkeley,2123,213,17,50,0,139
eshulok,3520,658,159,125,12,268
CSCaudill,3154,108,73,265,0,120
saurabhjaju,3380,17,75,62,5,100
bryand_sanchez,2909,10,122,115,0,360
hejocapa,553,1,9,36,0,20
JoanDTP,582,23,9,74,0,42
rivuletzhang,2004,11,13,110,0,41
GyroBautista,2701,75,56,69,2,263
jpocom,3658,73,132,389,3,37
jdguzmans,554,122,4,33,0,22
EstebanDalelR,3180,1249,110,352,2,743
mmdelc,3644,2438,1227,4908,39,10613
SANDRAMARIK1,557,0,123,1708,0,2
clinicaldatahub,3646,824,409,1755,13,349
OlivFin,2452,8737,308,728,18,2429
JofreManchola,2303,46,45,49,0,40
LinaMontanoG,3441,4987,162,328,2,4218
kebialik,3383,693,527,2201,23,556
CarlosAAguirre9,575,0,4,79,0,0
factgraphs,695,1,28,403,0,16
ireneros,3772,1616,6023,979,504,6069
wajihuddin255,582,4,4,262,0,3
NargesZirak,583,0,8,81,0,0
hexatekin,2078,3553,1512,1685,72,2243
eol_as,3053,75,56,401,16,156
liveonpurpose,3710,450,6949,7438,120,4267
cristinacastrop,3431,610,647,681,16,121
alanjosephwilli,3665,10297,2247,5000,134,527
UXToadster,606,260,11,191,0,64
patrickm145,2669,242,249,649,30,1108
Kironchak,1849,117,85,903,3,535
arexolaleiba,2352,40,46,170,2,459
melmeseery,2945,34,279,252,2,3843
SMBVideoPros,658,0,828,4749,4,2011
AzulesMarinos,3649,113,1945,2593,90,17342
3rdparty2016,1403,703,14,314,0,542
michemt,3989,1757,166,452,21,1268
realrobroy,3880,16695,297,817,6,4805
Pattyjissette,665,961,21,133,1,371
Abhishtam,3006,6,370,4190,1,4
nargesmahyar,826,1017,385,867,11,188
AlexandreIlmar,607,1,8,115,0,1
tomdireill,3449,205,997,4234,38,429
datavis_tech,1024,18,153,194,15,309
anthi_dimara,1474,57,50,151,1,9
AlexeiAlvaro,923,6,38,625,0,262
manaswisaha,3325,1314,288,575,14,573
tuejecafe,617,4,15,114,0,25
GregRexUzelac,3294,26585,203,1014,10,2795
fredhohman,3491,1324,369,533,11,841
CuriousSpaceApe,637,1414,142,3953,2,0
FlipScriptMedia,1794,672,839,2772,275,2364
_JAStark,1907,7829,1000,631,114,2485
BigNickKumar,2643,143,8317,11128,138,5505
tinybigdata,1426,62,202,480,6,123
fcoda_es,2785,1258,184,842,8,3105
yps8401,632,0,8,76,0,0
Pelkstah,1020,1,2,31,0,5
tasneemria,635,3,4,104,0,0
venigalla27,3300,777,119,1024,3,326
ChrisWesson_UK,1728,1105,672,912,35,1753
Acefco43,777,421,392,2127,2,1373
jscardona12,749,3,2,49,1,35
eredmil1,1647,8372,2686,3998,180,6704
conorlinehan,3327,11332,1428,2084,72,8786
fabioespinosa,3099,855,138,440,6,802
luisamarica,2751,24,29,234,1,131
MartinMacias,3440,6717,90,672,1,3058
80marconieto,3142,5984,1219,922,21,57180
WolfPointAgency,3275,16163,3272,4164,57,1278
omarleonardocar,643,0,2,61,0,0
rhl_rgnthn,3068,3,19,53,1,79
ddelmoli,3153,2087,2402,4498,233,5607
egarciat0,1761,2377,171,316,0,1090
dkumarsravan,3229,0,30,28,0,1
Dumpita,4184,985,1775,2243,104,6066
chirag_lpatel,3332,687,101,139,6,1187
DataRemixed,2733,15140,10527,4786,638,7791
PaulBanks84,1557,212,6743,15868,100,5312
InformaticsMDPI,1245,156,233,509,30,437
acmDIS,1980,817,2435,2963,78,1476
JustinMatejka,2847,3870,1181,402,50,1043
BeharXharra,2622,1172,1418,1372,60,1214
reyman64,3515,7649,626,3670,104,8759
noahi,3868,4850,7601,1107,773,28493
marteki,3938,8990,1126,2106,103,8309
adamperer,3283,938,762,371,68,126
AcuraVitamin,664,196,164,2410,2,23
Graig82,2811,827,42,302,1,165
lukaning,3569,348,44,680,7,14
glarange72,3836,7019,394,4762,16,4783
bwei,3893,4059,50,1309,1,73
steno3d,984,869,122,542,1,131
_lucyia,1232,3796,464,1810,30,521
hannahyan,4064,807,417,804,18,976
arturoarf,3305,187,245,580,7,3231
xenocryptsite,2191,2431,6607,3873,284,83511
skailashnathan,1152,6686,63,801,0,149
UCCat1,2899,8298,142,1104,2,1662
libcce,2963,15290,1740,1906,167,6857
thecristen,2955,19613,805,1374,114,10232
pedmistor,2834,2647,419,930,11,1858
gisinjour,1378,173,274,1294,56,521
SueMarquezR,2451,4899,870,1099,19,1150
paul_m_shilov,1029,217,20,105,0,29
ryanwesslen,3590,2660,193,491,3,761
kekenes,3682,943,536,419,31,2139
chieflybrit,3547,4392,699,1052,41,1166
paolo_maiellaro,1661,1011,709,2562,185,42700
jankcious,3008,11,26,90,0,163
kupersmith,2656,0,59,53,2,23
thongbui69,1610,73,14,36,0,469
fakehyperloop,920,1,2,24,0,2
nichom,3555,2865,998,1817,65,2663
rellumja,1768,44,25,138,3,120
mpherman006,2294,111,41,67,2,37
2da_analytics,911,20,40,302,8,79
ApenasSandokhan,3670,6965,488,1176,205,11541
bschmid1,3611,2272,1055,1199,75,2065
AimLEGEND_,3625,3781,4165,1790,117,88961
nateshetterley,4103,21,436,358,29,729
cptklutz,2926,4428,187,2625,3,543
hanahanderson,3368,126977,732,3055,25,9577
intrepidusRimor,3152,847,164,470,29,1790
Jadalytics,1215,5357,1371,1579,110,1807
fluffernutter38,2200,129,13,172,0,62
iamctodd,3809,10375,5552,3975,505,16441
slobodanmanic,3661,689,779,520,70,5351
lan24hd,4118,9244,2585,4977,55,7409
JoshPitkin,2426,36,19,177,1,6
aaizemberg,3859,688,881,950,55,2042
dmimno,3534,2576,2613,1108,94,1043
AShendruk,3645,1090,1974,1432,184,2791
sorpeen,3107,2768,274,1531,13,507
jretamalesm,2757,915,161,1168,2,372
MohJSonghori,849,693,131,863,2,249
davkell,3968,751,1415,1932,62,1790
pyrylahti,3294,1489,772,688,38,1598
vilsurr,2566,2577,238,669,20,320
Brideau,3543,543,1379,1108,48,36
billtraill,2570,453,40,546,5,316
subirmansukhani,1232,44,87,2020,2,176
ideaOwl,3513,89,739,247,35,339
AyRenay,2186,3166,368,618,40,934
stamm,4268,67,71,1539,1,23
taylorbaldwin,3661,20394,2492,1503,89,13973
philvb,3591,77,254,2281,11,18
soulgem,3700,66,54,151,4,2079
themba,4051,25210,2397,2161,193,33239
JustSayNarf,3409,6451,844,1634,2,4401
c_z,4296,1259,1837,510,190,30389
dgolano,3488,452,238,567,6,173
JCarlosjRamirez,1917,3444,502,1541,76,6408
cjyetman,3578,92,248,2262,11,36
steltenpower,3430,63253,1943,4916,375,83506
timelyportfolio,2935,34265,3587,4414,646,31126
shreyagoel,3352,283,107,700,2,196
gkeviv,3600,9407,433,1504,17,1150
albsantosdel,2694,568,193,796,13,843
Aqua_Vis,3534,1512,176,1037,18,813
doblepensador,4320,1574,633,1510,86,1651
tkellen,2514,476,690,361,19,394
markmadsen,4223,849,15422,825,769,34167
mccoyb,3856,6900,337,1475,17,3478
rsimmon,3598,6732,5136,1323,409,15463
lukasztweets,1406,688,1886,614,128,844
mundoplano,3665,3699,323,3598,29,23276
javi_marlop,3363,9334,871,1886,71,9721
smussell,3661,305,56,91,12,216
Zebraengine,2771,1060,67,837,20,893
carohadad,2846,6018,4999,916,100,5623
kwbroman,2173,25028,10205,716,451,15372
tarekisfree,4054,108,233,603,41,5768
domoritz,3407,3943,1143,501,60,3474
zfurnas,2971,19315,1342,2483,101,24523
NickKasprak,3434,1307,152,331,4,1580
msb5014,3910,2664,899,883,56,1054
JessiBreen,2869,1064,515,476,17,2427
matiskay,3835,1151,943,3371,47,11101
ChiTribGraphics,2436,8375,4145,4148,310,17060
georgiamoon,4275,8114,2641,2459,277,17414
tkb,4371,8365,9836,5595,785,13119
geoparadigm,4008,4951,5781,6349,648,13128
rocketshipmom,3578,2334,452,615,42,1552
AmyCesal,3665,2536,1777,1062,127,2858
pixelbeat,4117,58870,3495,1844,182,46520
bean_doh,792,1165,46,310,1,312
jnschrag,3906,1862,168,390,14,1119
kadamwhite,3661,2581,2296,1410,213,13605
canoana,3724,2919,519,719,17,2787
bengarvey,4329,17047,2280,1600,142,31419
OpenVisConf,2283,1479,8156,82,484,2185
juanrocha,3608,14433,1489,731,133,7826
qlikbranch,1783,4930,5653,3749,118,3582
AnalyzeViz,2291,1577,65,449,27,842
kk0mp,1509,6,31,2874,9,25
grousselle,3389,0,422,4999,38,1587
briangarcia,3948,2310,603,1640,61,12241
kaikaimm3,662,3,0,49,0,10
DataLabMx,1054,75,681,505,25,220
mariadotd,2290,214,44,79,3,351
rasantofimior,1213,218,43,408,0,103
UN_innova,1916,919,5977,1184,51,5865
DIEB_UN,3301,1603,14153,4052,114,10031
VRI_UN,2476,7689,19087,7065,143,27863
Lau92415,667,0,0,84,0,0
herr_tu,1436,4213,390,379,33,4342
marc_smith,4049,38187,11546,6511,1412,12150
Meis_plus,3138,97,139,376,6,4176
TheOwl2524,679,22,9,97,0,21
mariacvr,3402,6,4,37,0,1
3rz11,807,10975,34,322,0,2227
tonyojeda3,3539,856,3236,2697,421,6010
JhonG15202182,681,0,2,47,0,2
rougeux,3841,1327,2712,761,133,3838
Scobleizer,4467,94829,413052,53364,24617,72312
gleiwer,4205,100,295,613,10,1522
suclubdelectura,688,0,5,94,0,0
sanalet,3571,2124,432,1411,8,2986
AudioIntegral,698,0,9,104,0,2
claudibaez,3009,8020,1935,3545,74,7641
ramiroalbe,701,18,9,85,0,58
kochand,2773,2,8,189,0,1
samheftneal,755,325,148,791,5,58
JulioTellez,3435,5389,1120,4996,15,7169
rsmth,3613,14987,133,1973,2,7
Danielest_rp,2704,93,153,542,3,108
RadioVitamins,715,158,175,1979,2,154
brian_booden,3036,2071,2041,3192,133,3166
OpenSemSearch,2216,185,1357,5001,128,734
ChosenLawyers,2711,735,179358,477212,595,25192
twitvfd,3591,335,188,600,19,1273
waswapete,713,1,9,43,0,1
esimpler,3138,3130,303,707,19,159
juanvelasco,3925,60,3671,1437,273,803
MJMcGuffin,2350,2371,554,634,44,1886
robmoo_re,1824,386,75,82,4,94
juanfdelahoz,2586,294,177,1046,11,295
FabianGarcia,3556,2181,201,301,7,8864
lokanampriya,2879,7527,152,3580,6,56323
Dragon9052,1141,1,19,212,0,0
juanmcardona,3558,1859,1450,2351,42,1565
mundocala,740,54,30,370,0,7
margiji,742,0,6,48,0,0
carmen_TM_,2919,2943,275,1342,32,787
paolobuono,3627,229,87,119,11,425
andfoy4,748,7,15,37,2,25
josega5,2852,49,17,15,1,25
luisMesa25,748,39,17,61,1,37
miarevalo10,749,7,14,30,0,23
felipecuetor,2446,0,2,55,1,22
NicolasVasq,2684,27,51,110,0,492
margomezballen,2531,46,31,38,1,26
juangmurillo2,2047,650,147,516,1,199
ngomezgg,2096,80,42,338,2,28
fossvick,2149,243,530,1991,10,347
alexmacy,3633,257,105,258,11,112
michael_at_work,2186,31543,598,3676,253,30364
marioachamorro,3519,2123,1777,867,50,2261
lijiali_vision,3069,302,7230,79,192,84
xiaowu916,2640,100,19,146,1,19
BerkeleyISchool,2898,3742,5190,673,224,4220
dafevara,2892,3812,413,691,38,3658
AngelaM08152530,765,3,4,80,0,0
GeekPlux,2486,808,237,981,11,617
madxmad_,2414,42,27,32,3,26
BeastNeedTorque,2406,34,21,330,7,90
ragomusic,3509,101,230,310,12,181
mikejschmidty,1922,531,54,638,2,998
EvanSinar,2246,2806,53193,24375,2324,9661
OrlandoRuizC1,788,3,117,438,0,1705
HIERROanimacion,2683,672,446,137,15,292
caosoriot,3441,200,509,850,37,1121
Melie169,3216,14,98,223,1,236
AndresFm08,2221,337,234,340,4,205
vivimoli84,2626,499,236,640,11,1979
xavigimenez,3619,3010,570,929,66,1290
buttsmeister,2707,13445,776,1200,40,1839
hsternshein,2536,2682,1222,3837,62,1792
GladysGiraldo10,797,0,10,83,0,0
brinkitos6,797,31,21,124,0,11
aamoramo,2049,0,0,457,0,0
charley_glynn,2555,20124,2415,4302,183,10909
automataskings,1044,0,0,6,0,0
snz20,3204,32,105,217,0,43
PatrickRuediger,2619,0,2,20,0,4
geovisual,3422,1049,1102,1844,101,1065
Yaser_David,2641,1,12,63,0,27
flying0er,1044,338,10,312,1,136
geunsmeyer,2605,45379,419,2275,18,12279
nandosanchez88,2371,40,164,653,6,43
MDretweets,2645,13493,438,2575,77,45118
BecomingDataSci,1825,15898,39963,9709,1456,46288
KaseyKlimes,3586,4360,1846,1845,131,12216
JorgieMiranda,2099,2021,186,935,16,566
chiaogeek,834,8,0,16,0,1
andyreagan,3503,1944,603,319,35,10213
undertheraedar,2757,7965,9104,3612,334,10418
marylgray,3614,2778,3473,1384,154,4569
rbordoli,4297,542,16160,8158,345,1476
kristophrdelane,2525,787,306,825,36,482
Bahareh360,3267,1677,2429,2483,263,6003
no_identd,2568,2664,449,4998,28,6374
megaharp,3851,9818,143,919,7,1723
MonaDeFlamant,2220,734,112,545,14,441
Roderich25,3447,404,80,651,10,442
albertocairo,3584,2417,43322,3441,3110,84479
jdfaviz,2715,1241,946,181,62,1175
tonmcg,2861,5792,587,758,44,3246
IsabelMeirelles,3381,1075,1190,343,92,930
viswang,3679,230,44,338,1,41
brunomoniz,3732,79,448,263,29,8443
_Noeska_,3561,1236,520,513,18,1253
dr_plegg,3654,1175,560,1048,79,1090
dataandme,1382,88766,34217,2902,1501,33752
eagereyes,3815,3720,20331,894,1506,22820
JoseGuarnizoA,3408,11031,9652,4922,176,31059
StrinerAlina,2458,5,36,74,4,49
jbarrera77,3283,341,367,516,5,2216
josemonsal,2223,70,476,1813,10,920
alvaronarvaezr,3145,1227,1212,1828,55,3146
notedeufre,1394,5360,445,3250,40,1396
visionarioso,3632,7266,1750,2180,96,9984
c1b3rh4ck,3235,1250,838,871,34,6437
tillnm,3575,6933,3402,1039,260,3087
KevinUhrm,3500,6302,2198,3285,88,8732
cristiandavidgm,4063,1995,205,1493,4,1842
steven2590,3138,237,87,282,0,776
RoyNijhof,1000,172,67,349,4,107
dacanonq,1693,25,50,569,0,39
JoseEstebanR,3087,696,288,316,30,1842
sandra_m_l,1127,59,48,233,2,224
paolaacamargo,3567,7,86,390,0,479
jpmarindiaz,2932,2582,1387,2735,100,4939
SISocialesCali,1980,344,261,600,6,424
lars_vers,2880,1901,451,429,58,1055
adelaidabarrera,4098,509,165,248,10,3713
fan_du,2251,227,132,535,6,112
Nelchafo,3199,84,1273,4295,7,427
mustafasaifee42,1896,51,154,334,8,207
Bill_Saltmarsh,2603,672,303,696,50,882
alvarograves,3562,12798,1708,1435,169,64636
vlandham,4224,16382,6765,743,525,3573
correajfc,3234,8559,1085,2548,34,12831
maartenzam,3749,10502,10829,1436,738,20222
zcliu,3302,256,340,270,24,192
dogvile,3700,18700,3206,4999,967,13855
raniammasri,3771,507,511,1659,38,1102
87rromero,1611,894,141,354,10,159
juanjocerero,2040,1090,576,987,22,6873
yalong_yang,1297,243,88,189,2,45
CarlaTexRealtor,3491,23360,24849,23161,737,63475
anshulbits,3447,181,433,248,85,480
CambridgeIntel,2858,548,1013,616,74,1857
ZeningQu,2556,302,114,500,2,74
DashingD3js,3354,10774,11038,2022,842,11916
themaxreid,3288,160,1101,2849,49,1504
dyorrego,842,174,6,92,0,2
IanCleary,3600,3314,76896,40861,5737,43612
BillBC,3633,21,81,195,4,102
inspired12,3962,4971,2037,2924,154,6347
bflyon,2692,2715,198,1935,51,1693
databayou,2392,6758,399,1007,92,6723
alexisylchan,3321,7315,338,937,28,1864
farrelldlfarrel,2438,1675,406,452,80,3020
jorgaf,4219,4232,774,639,241,9167
CathyJuvinao,3510,41821,35132,3255,239,65571
yulianita,3639,291,314,613,25,1195
ivy_wang,3698,81,131,380,13,71
AndresClavijo83,3202,28,98,84,4,103
viejosaulo,3949,5957,411,2041,20,2288
MolinaAlmo,2132,636,321,526,1,522
afelipespinosa,861,4,42,291,0,13
PickvitaminFN,887,454,231,4834,0,227
syawal,4290,813,2572,5001,419,131872
picodix,3539,1681,665,1077,44,3939
Adria_lopesant,868,22,5,43,0,24
marisoolmp,2596,30,74,408,1,143
meilivanegas,3143,36,66,135,1,22
Alejis_Valencia,2659,37520,1293,1008,16,29833
Feli_pe_g,2060,12,35,284,0,67
POLANIALIZ,2090,5,79,107,0,71
LedGamba,2664,102,56,226,3,40
JobeGFX,1004,63,883,1725,2,178
MosesAyoli,877,1,5,37,0,2
vitindesign,893,158,147,1147,8,112
romsson,3916,1074,1304,706,153,3259
ernestobad,3845,325,132,189,7,735
pcostaguta,3272,274,48,634,0,2
jburnmurdoch,3544,22688,22148,3327,1254,41693
espinielli,3836,6002,148,750,8,591
ElGranInventor,1266,548,4658,128,17,833
vpascual,3958,1444,1277,584,143,1735
ETBsoluciones,1426,33,15133,13254,34,108594
Saigesp,3531,2193,901,559,61,4753
alonsotoro86,1946,1,18,22,0,8
Cristhian_G_,3093,0,35,92,1,19
daniluck913,3224,18,51,228,0,139
vanesmora,3083,955,471,297,15,28658
NotMeDo,1469,1,6,37,0,0
jitrivino,2298,1,63,35,0,7
SanzJuanS,2735,571,196,419,1,1208
Malejita241,2910,132,96,304,1,1781
C_mmd,3242,24,34,215,0,222
Steven_Gonza,2230,20,20,53,0,19
santitigaga,2772,145,748,295,8,884
macacru,3044,151,84,425,1,471
MadelenAcostaR,2318,21,48,172,1,124
_s_lopez,1096,833,62,612,1,319
lehernandezro,3325,36,220,276,3,129
DiegoAndresCar1,2798,999,115,86,0,1778
rofacoga,2928,1491,470,1513,13,791
jdavidsanchez8,2468,698,404,1334,3,855
dianam_moncada,2969,8,36,118,0,65
juangilopez,1854,11021,288,501,3,7801
BrennaMcNally,2488,641,153,169,8,194
ToumaSyaoran,1643,425,25,62,0,102
DVUXworkshop,994,48,46,211,3,56
carlos_torres75,3447,5,75,64,2,338
g_penam,1812,117,38,130,1,103
franramy,3243,1,16,15,0,15
tykenyo,2901,225,60,345,5,401
sandefranc,3491,826,489,788,21,2805
magneticnorth,3988,455,735,644,61,1539
alsug4,921,264,114,295,2,115
19thAmendment,2400,6864,3607,401,188,4148
eaalvarados,2883,73,62,97,6,94
trajce1596,1076,1,18,291,0,158
juanbarco92,2077,2261,114,268,0,271
Eduavencamacho,1216,17,10,29,0,9
damayor11,3273,670,87,357,1,1699
JCamilOrt,3500,15777,364,980,8,2655
ragut01,3149,11,74,193,0,51
zubcarz,2777,12,46,106,0,58
JayMahabal,3167,896,137,463,10,219
BurolexAbogados,1132,823,279,2835,1,676
nakiro83,2590,0,57,62,1,649
sepirdata,1724,5382,813,607,150,3544
JuanPCorrea,3494,972,216,483,10,1632
Cienaga_Social,1163,29,433,1710,18,1802
leonndiego,3268,524,256,1671,2,455
GersonColoradoC,2680,420,109,634,1,398
jamedus,3491,0,11,35,0,8
lal_briceno,2822,5,9,24,0,3
EmyNatRodriguez,2347,86,63,108,2,317
guillermomoren,2850,15,204,2361,2,172
gjhernandezp,3531,5,72,62,2,51
Mabel_RojasM,2401,21,20,193,0,218
yo_zhangcindy,2804,1432,146,385,0,1136
axlbalcazar,2100,1743,137,133,13,1832
nikorose,3490,2374,128,502,6,1132
po11inux,2991,3042,316,818,4,1376
Andrietaa,1380,2571,172,603,27,2076
AndresFPC21,2949,693,66,165,5,338
yangdahui,3054,92,92,814,5,1086
Andre_Vermeij,1828,125,181,196,22,237
chitara44,3647,50,71,628,0,78
MarceMiraval,2876,12113,343,341,18,1449
dsalamancad,3990,9,46,98,2,100
CarlosdParada,3268,1394,388,1342,3,2891
JavierSamirRey,2768,2044,610,1919,74,948
PanDa_Beat,2806,766,104,385,0,793
codigofuenteti,1404,34,56,354,1,13
watchme18_e,964,0,6,5,0,1
melisa_yeidy,967,0,5,3,0,3
georoem,3185,0,44,29,2,5
jcamilo5282,1179,0,4,7,0,13
JuanDavid9856,967,0,3,26,0,1
isabelmira,2888,7,12,33,0,9
KiritOtakuGamer,967,8,4,17,0,16
juniorr25024522,1284,8,6,28,0,24
cameloyeika,967,19,0,3,0,1
natamarin18,967,0,6,61,0,1
mjuradoserna,967,84,5,17,0,22
killerbunnyGG,967,0,2,2,0,2
salomgrisales1,967,21,5,15,0,2
johanamontoya29,967,4,5,44,0,23
Nene1352Tatiana,967,11,0,1,0,1
valen83356846,967,31,1,45,0,3
rufoandresv,2874,48,407,882,7,4045
CdeC_Col,1234,1088,1118,383,19,1064
PecetColombia,3236,668,1980,2499,16,1454
NanaMarin11,1248,889,70,432,0,268
yamithMG,1070,16,13,43,0,2
dguarin7,2166,2,14,105,0,41
carlososoriov_,3781,807,29381,25524,395,9912
jhonfisc,3215,10,83,113,6,1652
sabogalch,1207,0,12,105,0,0
al_ice_t,2596,108,221,128,20,98
sfeu,4091,403,205,505,9,520
dmrussell,3754,293,2217,331,123,799
mi_balle,3626,5143,242,399,20,1217
Robert_9310,2844,43,86,203,1,241
vjk2005,3842,6376,75,554,51,24106
arendondiosa,1067,1345,163,364,1,495
LaTUMBAGA,3459,619,873,2969,7,1841
jointdev,995,771,514,515,10,532
danieltrujillo9,3046,23,95,111,0,116
johnerincon,3789,17111,165,332,2,205
juandaabril,3312,20,42,122,3,102
dagiraldovyv,2733,72022,1935,4636,468,84785
vane8305,3156,818,92,348,2,226
daljio,2451,274,93,358,1,338
julianmr159,1075,35,12,62,0,31
AAlvarado223,993,2,2,29,0,1
tamh,3935,9159,273,233,29,20557
ilaverde0x,3317,2,5,28,1,9
_ALLOCO,1448,3,6,67,0,20
sebasd095,2932,791,868,2665,12,740
andresdeapia,3266,12,162,204,3,207
ElMotox93,1681,120,18,75,0,118
Leo_Cubides,3207,782,176,408,4,6513
aleja_GM13,2479,627,338,251,6,10232
rbeltran79,1403,5,7,28,0,6
TIC_ITS,2279,412,201,280,5,896
31_luisaT,3040,418,164,314,3,795
hegilr,3268,8,137,169,15,1139
shoyos_29,1088,95,39,71,0,55
dParraOspina,3210,143,22,104,1,206
daferamo,3132,572,221,919,3,302
_SebasZapata,2815,1137,466,409,9,9735
daanduque,3450,2526,308,449,2,2570
sebastianhinca6,3498,48,140,262,6,532
Ivancho_523,3266,16,59,128,3,58
ClauJaib,3176,737,332,1265,4,8093
SebasCobosV,3312,213,64,217,1,2244
carloslondonoco,3501,23,124,87,1,26
martina1403,3462,1,20,32,0,34
AndresL0411,1697,8846,72,211,1,1085
Jolumartinez,2743,156,257,549,9,1674
c4rlosc7,2828,99,162,930,3,119
yuliquintero03,3371,17,70,283,1,71
milonovoa,3218,438,1229,399,7,6746
gusalazar,3482,1624,732,1555,146,1126
EstefaniaVegaG,3559,1174,1183,1151,47,5475
juanveloza,3114,4,49,24,0,6
philosartic,3488,6359,813,730,47,30105
andres_ramirez,3300,201,89,481,4,548
nelsonabdul1,2784,12,547,386,4,2376
hersondelapava,2673,1,9,68,0,19
gugramon,2360,29,8,171,0,87
cuyabrero,1291,46670,712,478,3,32193
DGGCO,3095,1291,12,100,0,342
InstagramTuits,1563,9,153,504,2,24
lobujuan,1113,17,178,211,26,10449
arcaagro,1570,3,31,367,0,9
mipajara,3105,58,112,107,1,86
andrezgiraldoc,2232,3,40,65,0,4
renolarana,3404,599,266,405,22,2918
Yoha_Monsalve,2780,131,136,134,0,4788
mf_viz,2862,2424,2720,553,187,1655
RubenUribeQ,2247,2007,269,675,22,742
angelica4961,2896,12,48,171,0,18
mmrojas3,2144,2,18,32,0,3
anacataosorio,3514,2391,674,381,40,13429
seguro_agricola,2341,113,276,625,3,353
AleksFlorez,3176,2203,118,474,1,670
mrojas3,3094,4,43,25,0,19
mauricio424,3213,2280,19,180,0,1171
negociocreativo,3587,140,1073,2079,19,4875
roboticwrestler,3607,45786,3875,4994,205,17211
moaimx,3578,5848,1656,2985,150,12713
sanvicentefund,3515,2403,13167,786,103,17406
ComunidadUTP,1023,427,232,548,5,207
SiriusITS,1069,89,81,40,0,161
njssnjss,3914,787,633,4856,19,4488
DIAGRAMC,2477,243,656,452,53,1017
SFoGoing,2218,62,502,1634,551,35857
jorge_ivantz,2460,2817,774,1170,63,2587
dave_bedoya,3471,21,114,374,5,178
AlejitaPedra,1035,32,10,279,0,9
oysteinmoseng,1638,25,91,300,14,40
Pybonacci,2496,8171,4649,753,313,15001
karen_love1000,1038,2,4,57,0,0
chomper464502,1044,0,6,86,0,1
wangcongyang,3581,73,1097,1329,64,11182
jugalpatelNYT,2764,9686,1625,2068,52,9674
DigitalLit4All,1086,1012,429,909,26,1567
mike_skaug,1199,1643,252,322,43,1255
BTactile,1251,4378,399,279,6,207
AntonioSabogal,2550,351,96,376,15,593
patternproject,1941,3248,614,4432,496,11656
LeonBetancur37,2456,286,60,170,3,93
VRAmericas,1107,570,287,417,9,345
JuanVazqMont,2233,423,385,1554,10,477
delfi_gp,2747,12,24,21,0,1
aestrada_s,2142,307,43,150,0,16
mounialalmas,3422,2229,2928,1680,163,8655
rosariobc,3379,6949,1907,4999,141,3741
skairam,4106,34,1628,639,96,4700
jenpre,3519,2384,1276,659,84,2040
Juankzu,3410,674,89,591,5,200
klyngbaek,3519,1,46,86,3,0
mentor12,3526,126,1226,2106,24,2971
XxEpicMan,2225,9,36,452,0,1213
rajankz,3856,7,93,106,1,234
dannyorrego,3177,12,103,276,1,39
aperdomoortiz,1087,283,663,180,17,158
omniatlas,2567,148,565,2151,29,2397
1si_OneIf,3526,890,33,315,5,719
FELIPEnlaces,2374,2852,53,287,0,2896
PeepCaro,2831,550,170,133,4,274
softseguros,1498,123,124,264,6,432
corexinter,1446,3,166,717,0,24
LawTrades,2224,4885,23406,23247,585,5143
jblizalda,1393,103,43,290,0,11
gridgain,3100,34129,5378,4208,250,7225
datamapio,1131,9668,595,4149,52,1422
eguerra79,2275,39,61,93,0,114
alejandro183,3476,217,96,410,0,485
humbertopareja,2879,260,165,429,2,445
januverma,3462,4809,323,174,61,3582
InfoPlusConf,1287,1054,1632,88,81,710
DevDataLab,1355,255,546,4907,37,296
mselizabethiman,3034,1289,449,1272,60,4367
DataScouts,1768,931,518,718,122,1739
DocXavi,2408,5143,1412,1056,80,2874
onofflabs,2834,1885,2103,5336,18,930
arilikeairy,3621,216,313,540,22,822
uwdata,1975,748,5140,271,270,337
moovelLab,1441,1986,2815,473,116,791
pochodiazs,2285,2336,382,668,4,614
pao_lval,1335,3122,45,315,1,80
BKinlic,3677,644,57,964,1,409
jcukier,3939,6498,8105,1150,678,9337
joselider21,1173,0,51,600,0,1
YaliBian,1691,10,14,204,0,16
aleszubajak,3577,12173,6839,6983,411,15496
nhanitvn,3871,472,148,309,21,462
Malcolm_Decuire,1612,489,37,120,12,1175
laneharrison,4103,5006,1486,796,101,4326
icaviz,1191,65,308,250,16,250
jeffrey_heer,2929,2379,9872,631,575,893
benbendc,3748,274,7823,726,561,1801
RadioConvive,1567,4611,3085,3254,8,16083
tuclasedebaile,1205,0,65,914,0,0
evelynmuenster,3901,461,283,320,70,882
cybunk,3915,12035,1673,1615,208,6097
hosseinkhani_m,2274,135,119,184,8,79
jofu_,2829,661,311,653,35,301
NElmqvist,2648,1740,1307,452,55,966
xangregg,3437,2220,704,859,65,1477
HexenKoenig,3436,332,347,644,15,2465
jcrbrts,3047,364,484,934,191,2077
Frajabiyazdi,2324,156,136,283,6,79
accidental_PhD,2520,698,140,336,3,112
EvanMPeck,4068,2480,1592,911,108,7912
uclab_potsdam,1527,181,2454,1233,107,438
Manager_Kijho,1457,133,157,1014,1,285
ScottAbromowitz,3150,14794,86,785,7,172
PortugueseHome,2849,2285,70592,72195,732,956758
Katashkov,2948,674,133,386,17,647
LuchoMurilloF,1229,61,137,230,2,74
Claraliss3,2839,898,179,225,18,370
3scorciav,1273,631,27,117,0,140
FiDiAgro,1341,1,7,27,0,2
wilgar58,3766,420,27,173,2,78
camarapereira,3490,2349,13643,2251,108,32374
TEDxManizalesED,1395,389,366,185,9,501
nataliaguzmans,2728,113,389,181,3,317
GrisIvan,2220,23,71,340,3,17
bripao155,1455,4,25,204,0,1
magitek777,1687,0,6,77,0,0
royoleon,2339,4926,167,244,16,5120
LuisFranArias,3491,945,1713,1836,34,2355
dantasse,3580,572,420,333,20,784
mabelgasca,4040,18344,4874,3498,387,121098
juanca,3401,46,1616,678,68,7409
ChrisPolis,3084,1617,390,584,45,971
maocandamil,4156,152,2089,772,93,16965
pakazo0519,2843,221,122,280,0,928
MIT_CSAIL,3409,2367,69891,13230,1718,3469
MontoyaCorrales,1268,3,24,122,0,8
Creatuluw,2633,1668,7297,7730,505,5158
MiguelCarto,1833,0,93,141,0,84
andresroblesg,2941,0,30,414,0,0
sampathweb,3159,9230,650,1851,50,1427
Cientific_Datos,1288,2,89,73,3,45
frekaltrue,3283,58,22,295,3,156
richatmango,1289,1493,1291,1226,94,1016
EcariLuca,1448,1,11,110,0,13
cavorite,4450,4347,1063,236,93,11467
infrahumano,1971,24321,6219,672,182,148169
jorgesuarezch,1993,50,28,71,13,131
julianxuran,3384,8,187,156,13,479
SMacondiana,1894,7,128,1515,1,14
saraquigley,3921,3199,298,516,25,1238
Elijah_Meeks,2116,8898,13896,682,709,9819
a_lexisb,2201,0,41,62,0,18
SITE_Col,2294,72,268,399,8,381
dixoncano,2686,0,25,3,0,6
alfonzapatag,2243,4267,99,383,0,1361
martincampos,3968,415,550,701,17,555
sxywu,3073,11582,18916,542,653,8757
nanacalderon,3877,3293,559,654,43,7605
mydu819,1314,1055,24,900,2,90
kentwills,3188,8,29,69,0,25
DuRuofei,2849,550,349,526,21,786
OspLtda,1317,0,206,937,0,276
jwramirezc,3448,15,35,61,0,5
AimoStewart,2766,1935,1166,1162,71,2369
danielequercia,4054,27,5677,5249,390,10795
jorge160686,1334,0,9,61,0,1
Cptan_Alatriste,3060,24009,356,1431,12,11791
jovarealestate,1368,77,336,844,5,1764
GuerraTobon,1384,1,1,17,0,1
dksebas,2781,92,131,253,0,875
big_michael,3975,42,121,148,2,287
pedrocalais,3607,422,919,2391,27,49376
furukama,4305,3155,7527,4530,799,31656
AppsToWear,1578,0,44,786,2,1
RT_Ivancho,2862,692,254,138,1,5558
carguevarag,2853,208,210,362,2,281
lapolladefutbol,3486,0,35,128,2,1
NatyGofive,1362,240,151,1060,1,186
carnby,3685,11442,2449,857,108,8134
NetworkITCT,2525,751,2469,1948,51,1261
erikhazzard,3830,822,592,351,76,841
akshaysiitm,1453,1767,565,5001,41,1034
micahstubbs,3402,60673,4578,4730,520,31036
adereth,3678,29904,1685,795,73,13217
enjalot,3821,7463,6124,1068,448,7593
ClercCurtisOXTH,2665,0,235,1704,1,0
NatiDelgadoR,2970,1036,387,699,17,4194
lilolapereira,3463,4336,4137,840,44,16864
JuanFCuellarQ,1694,506,165,241,6,697
JohanaMurielG,2933,412,168,586,8,473
jandot,4005,1003,2509,798,328,6234
d3visualization,2254,16,11129,465,674,3421
bilalalsallakh,2448,3312,377,199,78,1989
benjbach,3080,1411,1561,807,70,1419
TEDxPereira,1456,31,234,92,6,278
maoleonmejia,1371,5,24,380,0,0
LaTienditaDAmor,1372,53,91,84,0,33
shijith,4047,215,493,4545,19,148
andreseiroV,2942,1524,44,56,0,13
jattipaa,3594,539,920,837,113,2881
JulianDavidOcam,2426,13,90,252,0,18
458072ujnj,1392,83,10,41,1,45
julyta81,2428,31,53,160,0,19
fulbrightboard,2739,2706,9803,5253,141,4669
valcrist37,1396,0,4,14,0,0
darwinzero,3589,688,178,1038,2,262
_manuel_fm,3449,44,83,70,5,24
JyotirmoyDebn12,1434,0,129,1355,0,6
shahrzadmn67,2649,61,435,3330,11,93
CookeryIn,1439,0,4,46,0,0
foxxor,3848,66,876,1131,35,13106
EduContinuaUTP,3457,159,4442,1960,41,4603
jorgequerrero69,1452,33,108,740,0,9
umairfd,1453,0,1,39,0,0
DerPatrickRoos,3491,40,51,198,0,21
jaorregom,3455,12,114,251,1,68
YahooResearch,3383,111,13912,209,616,3285
MikeSefanov,2954,176,453,866,50,2852
WiHuG,2856,444,319,372,13,3634
MrPollocop,1463,4,42,102,6,41
elconvitepei,1471,7,1518,1214,4,189
canuckShuk,2280,7,86,136,3,264
thedude_rog,2065,82,71,334,1,37
samir_bueno,1472,33,4,49,0,3
ngocbaoa5,1480,21,1,39,0,2
Arango_rafael,3230,1106,798,916,3,831
tv1357,2652,1,1,13,0,10
Quesada,3998,8703,8908,6841,385,6787
luckygoodJoyce,1759,637,49,209,2,114
jorgeivanleon,3466,140,179,120,7,88
teylez,1498,0,19,32,0,1
edarango123,1505,0,12,90,0,3
soychecho10,2410,625,123,490,0,364
jonfroehlich,4365,11093,2895,1073,166,3077
seemantk,3214,10661,1467,2387,88,22612
Melflo_8269,1526,0,1,59,0,0
karol_chica,1530,0,3,60,0,0
ddumbadaniel,2062,11,161,890,4,44
ParejaUriel,1544,0,5,10,0,0
ginitahincapie,2095,69,319,904,3,92
erictheise,3357,1504,596,793,60,2639
LogicEnglish,1549,54,25,178,0,32
martica200672,1686,3,188,1770,3,14
codydunne,3429,9,233,74,22,123
kanitw,4140,964,1438,748,72,2845
arnicas,4288,22863,11585,3470,868,49561
HCILPanda,1565,16,58,147,6,185
alark,3992,3116,1263,227,130,2680
destin_7even,2289,1114,321,992,5,1565
Matgog,3199,8,86,66,5,68
ISCUTPereira,1575,205,156,215,3,33
meridaqroo,1582,0,3,77,0,0
giron_anderson,1590,0,24,260,0,3
JJpmx,1594,37,42,140,1,40
jgnecco,3957,18,181,62,0,48
vikyzones,2115,3,3,216,0,7
Stephen_MacNeil,3179,185,153,283,11,250
CTACCESORIOS,1615,0,295,1956,0,132
jeremy_t_harris,2625,73,251,406,6,124
soliverost,3674,73,112,250,13,125
YAZMINELIANASAN,2323,169,116,210,1,233
KarytoRamyrez,2754,48,60,145,1,52
MetaStefano,1618,286,422,204,44,383
granzler,2871,181,139,248,2,1007
kotarohara,3643,9671,316,394,10,6969
zanfecax,3761,908,719,1409,19,1948
wgomezg,2871,119,92,418,0,902
luisazj,3499,5,122,307,1,71
ferca1983,3476,9,33,89,0,653
CienciaCol,1987,37,1697,598,41,1003
cjavierforero,2400,0,1,6,0,0
juanibarral_t,2683,1,74,74,0,216
aphaxel,2294,7,1,68,0,25
chitolhu,3448,8,158,338,4,114
diegus0020,2247,2757,88,405,6,848
AlejadroDuque,2229,179,18,134,0,138
dechontaduro,3275,514,660,1364,43,5695
ascencionet,3061,5563,348,608,1,5556
VonnyCas,2092,478,283,316,3,702
Doitlab,2525,7,149,174,3,359
mabrycr,3346,427,264,527,37,7201
WileyEd,2471,538,12931,8143,390,2283
Pleet_COL,1951,5,82,279,3,144
Williamsala1,1661,8,82,693,2,49
alismurh,1651,0,6,5,0,1
kikidc,3206,251,129,352,3,262
AnaMariaSierraG,2786,6,139,467,0,22
martingg92,2822,624,310,1209,8,739
JavierGuarin,3049,1164,868,1283,9,817
Juandrg,3085,38,90,200,3,119
Emaasit,3528,1073,2225,4242,202,2626
keici01,3613,0,40,190,0,55
claudiarelax1,1668,1,12,171,0,2
RoadtoCrypto,2695,0,1847,986,25,2894
ayman5253110,1762,1,51,144,0,31
ICMarioF,2446,382,388,580,4,1724
MileDuque,3179,110,581,696,5,791
judavidarias,2752,72,39,247,0,18
davfer2484,2081,1499,58,797,0,620
JohnnyJjjohnysm,1685,0,7,242,1,1
MarianaSerna3,2843,86,242,127,1,541
rds_maria,1690,78,230,1572,1,7
GuzmanCorderoyA,1695,0,40,300,0,3
stefik,3798,1,9,111,0,2
DZapataCastro,3206,1905,1196,1130,13,6125
pacoramon,3486,44168,1448,4990,485,18277
vane832002,1725,6,29,131,0,6
Angela_Maria_A,2083,755,18,48,0,28
kate_jia,3454,0,103,320,4,106
MarkStefik,3112,2,81,150,3,35
nbotero,3511,95,151,224,9,948
juanma1311,2870,3,47,200,1,13
TheFakeFutbol,1731,6,121,420,1,163
ViveLabPereira,2011,224,1252,954,31,910
LuigiCorreal,2266,7,55,226,0,9
lilimariagomez,3415,3797,2248,2017,51,18031
rs1059335,1731,5,11,255,0,2
jim_raja,1732,96,15,153,0,322
vinuth11,1732,6,21,306,0,4
PeterAJarvis,1740,2,31,68,0,15
CosechasTerraci,1762,123,196,928,0,103
juanggomezm,1785,5,4,44,0,9
mattbrehmer,4101,2454,1728,668,113,1115
UTPemprendedora,2109,57,452,249,16,536
autosensual,2537,37,9338,985,27,15426
OskrH84,2419,115,213,572,1,1986
natebates,4160,134,100,187,11,301
currankelleher,3071,250,1604,841,169,3390
Linamgonzalez,3467,732,868,874,16,6736
Daiech,2695,12,247,374,6,930
pixelgem,3945,13187,2631,3099,190,10965
TweetometroCo,1759,25,585,1,0,1124
RotaryOrigen,1759,158,356,544,1,222
cafecagi,2695,2230,95,821,0,76
filipcos,2628,215,77,476,2,87
AherreraAna,2386,2,36,65,0,4
Droguerias_9192,1766,1,36,107,0,299
ragudelo2000,2667,2398,87,245,4,1632
crisx23,3428,4,104,224,4,288
giotec7,3306,23,21,707,2,76
Pierkey,2877,1958,1035,1729,8,7160
kathalisys,1810,0,19,67,0,3
s_segal,3319,504,2336,983,73,1500
miltone3,3267,2942,55,919,2,513
pipetorolondono,2009,352,204,345,5,235
lince_jhony,2160,5,13,47,0,5
1JohnGuerra,2112,7,264,733,2,392
cordobayefer,1801,26,66,294,0,120
btclena,2825,0,180296,132281,10224,1961
laurasasportas,2403,8,71,275,2,33
alacartaapp,1870,72,236,469,6,184
WeAreXDi,3960,98,231,434,95,1837
MonoMesa,3174,401,1227,293,52,3024
cesardiaz_dev,2848,3,54,203,1,37
luismescobarf,1824,11,48,159,0,3
giraldoedwin,3422,162,1583,1615,31,5783
csalgado80,2754,7,16,94,0,70
planetazul3,3310,420,77,141,3,757
paoloandres,4039,31,85,479,1,905
uchuvita,2015,4136,2619,732,17,4550
Multilevers,1843,0,48,174,0,35
jeskak,3578,38,551,690,57,769
Leonardo___Soto,2002,268,112,179,15,579
chrishayden,3985,849,94,355,2,75
genmediagames,2499,0,77,268,1,5
fvioz,3513,26,134,136,10,542
ekallestad,2861,58155,5582,2981,25,16286
ngarciaquiroz,1861,5,34,55,0,10
ZePoLiTaT,3511,493,163,358,2,272
oea1954,1873,0,1,34,0,0
z26369065,1873,0,9,72,0,0
jandresdeavila,2655,0,27,95,0,36
elpipesalazar,2837,44,180,307,4,235
juang85,3472,8,43,98,0,30
Diegoguti1981,2574,1,20,50,0,21
L5Sourcerer,4270,130,751,1073,114,4649
juangui_lopez,2622,26227,458,765,6,3052
randal_olson,3523,39547,122747,131804,3811,18612
MI0NG,3611,0,22,121,0,10
andyed,4357,411,1712,1389,70,501
EricCAlexander,2938,1523,310,295,21,534
alexander_lex,3411,534,977,728,77,1339
rafaveguim,2917,295,153,282,11,166
sgeoviz,2940,3136,673,1260,47,714
ridhoanojuh1,1945,0,3,14,0,0
MartaEstarellas,2535,1,83,124,5,230
kbtofl,3589,54,86,618,0,410
aboquetepa,2967,86,566,607,5,461
n12o,2926,15119,646,217,42,5403
marianurygomez,2627,17,74,174,1,598
enrique_arb,4031,37,4930,2089,50,987
maurosc3ner,3262,230,127,121,13,5218
PARCinc,3770,8035,8667,1692,696,6917
Mikeiwi,3582,9761,479,694,34,8178
litoales,2797,10,534,810,5,357
JamesLampton,2732,7,64,71,4,160
harveydf,3434,424,4969,1434,72,6677
_mirandes,3570,356,523,724,30,467
sucerman,3607,103,271,335,4,639
zashktorab,2501,210,225,349,13,112
nato_rm,2864,70,162,224,9,274
monicamrosas,2840,1,99,169,1,99
alekolpz,3503,24,241,534,4,369
asemtur_co,2519,338,754,333,12,1153
TGS_magazine,2039,2,92,138,1,129
johanhostos,2259,7,78,177,0,17
ChickenChopsMed,2021,18,36,72,0,449
juanmrestrepo,3579,774,18501,5747,243,7558
LLorethG,2025,0,12,2,0,1
johnjaimeJ3,2043,7,596,119,1,286
jujara72,3378,4096,765,1316,8,5697
godforatheists,2358,35,313,1290,11,367
vsantamariae,2621,642,227,602,8,702
arturolp,3633,56,689,774,41,5885
tombergk,2622,2022,545,387,25,1727
FulbrightSciTec,2066,139,77,119,6,40
calero6017,3099,7,76,275,1,36
iam3mer,2597,92,124,575,2,494
ErnieHMurdock,3212,1051,94,316,3,1715
RongjianLan,2736,74,55,387,1,31
jeffbigham,3813,29995,7389,3824,282,59494
estebankz,3418,0,556,558,4,36
pin3da_,2804,1451,295,572,10,996
loscafes,2125,37,1039,994,4,109
senecajcdc,2582,554,10,35,0,258
vfabi,3168,18,34,120,4,120
BID_Idear,2756,5301,99750,962,982,22283
ranaranjo,2796,28,311,2029,1,872
quadrigram,2675,213,970,842,237,1259
nesaugusto,3497,3603,972,1783,21,5187
sickmetatron,2883,83,437,2124,4,1354
GilLeidi,2505,5,92,397,0,17
cesmarin,3414,2393,496,303,26,6757
aqgs,3233,37,243,294,16,143
justgrimes,4319,11646,3167,1384,356,10557
ayman,4355,891,3080,881,159,3862
slpulpa,2760,139,215,134,17,509
David_Rua,3492,32,260,1140,3,1710
CatalinT,3656,70,480,388,9,127
andresOlano,3501,7,53,39,6,1154
Fleurety3,2828,1,146,852,5,26
taklamakan5,2145,0,35,719,1,149
fandresv,3331,2896,176,564,7,1625
yeisonha,2475,5036,226,700,2,4123
umashanthi,3611,575,618,920,11,1809
LetMiApp,2471,0,42,122,1,61
NeLeon80,3474,74,70,151,0,355
LuzAbetS,3439,3276,226,545,3,5316
juanse_duque9,3063,25,266,241,13,1172
RotaractCafe,3021,19,327,284,7,205
deliciosoapp,2230,0,554,1260,12,1
johnson2772,3645,1996,274,133,0,2106
dianahowell6,2498,0,0,3,0,3
sebastianme,3209,0,8,16,0,5
jffrancob,2241,314,96,130,1,294
luis_arias,3626,112,3198,1815,138,115415
NegocioAZ,2493,6,2879,3551,77,1812
gwluuggheehgknu,2253,0,7,58,0,12
sigfriedgold,3315,8,30,54,0,57
OJOPITA956521,2291,4,57,485,0,29
labiral,3342,4,48,70,5,488
VitaleMeli,2362,65,11,71,0,0
FulbrightCol,3354,2189,18278,1433,222,6231
steveosorio,3170,203,133,396,1,872
maoaiz,3407,211,255,574,8,926
jlo_beto,3243,77,181,367,6,569
nestorferia,2365,903,231,1720,2,2345
acampeonh,2772,142,186,380,0,410
CristhyZuniga,3036,738,498,517,17,6111
surusami,3127,0,23,41,1,4
CRECIMIENT0,2400,1,1312,1802,27,147
RuthLHoyos,2798,0,11,17,0,1
KnowHowGestores,2419,0,19,74,0,7
ieleta,3066,242,372,244,34,1513
LNNutricion,2769,0,108,136,0,101
kachok,3966,9424,1600,1117,176,3940
rpgove,3031,302,519,303,55,1160
sosinskymexjp4,2601,0,31,275,0,54
jsanpe,3586,929,160,141,11,1257
mattm401,2701,677,448,894,42,3048
mokogobo,4005,1253,264,593,14,610
seanpmcb,3568,173,256,391,15,2207
diegofmesa,2716,96,125,399,0,408
Lithoossanchez,2892,275,727,1225,4,2826
PUACaffeBar,2459,17,367,547,2,372
Mona_Leigh,3231,5,279,118,14,448
Maikel_Mejia,3555,5,17,19,0,136
dimabera,2630,39,42,103,0,28
anacaros,3518,393,332,522,9,2587
kotarohara_en,2720,827,447,590,18,619
Angelavivas,3382,80,507,594,16,4911
annetrose,3676,142,178,103,15,959
cafas85,3455,0,19,77,4,75
yerutimendez,2916,3239,583,1083,4,2400
ReddeNodos,2693,118,1165,1261,13,862
vukosi,3882,1943,2625,868,133,20581
AniciaP,3663,870,344,333,10,1142
arnoldo_castro,3133,87,33,227,5,376
Dhilung,3555,317,599,158,24,574
Degisus,2940,0,7,32,2,9
soykaki,2494,2,101,148,1,139
awalinsopan,3577,953,597,329,30,1237
SarahAWebster,3652,0,67,164,6,90
ivanch0ff,2532,24,101,274,4,22
tlclegg,3582,2002,736,589,23,1894
VDobleL,3442,3368,535,660,18,20723
a_reinas,2955,64,56,309,0,57
iKonoTelecom,2528,23,240,157,9,438
kumiau,3919,36780,1259,654,71,31800
Johana254,2913,7,30,178,0,44
Juanmanuelots,3244,43,130,140,4,997
lostchoi,3262,3799,423,536,16,3928
g_Kathryynu2b,2581,0,159,1244,1,0
lmrodasp,2564,276,29,63,0,168
dsmh,3509,1769,409,961,6,3328
ranliu228,3035,0,39,30,2,14
ParqueSoft_Rda,2948,562,4250,1024,71,4644
pancheee,3620,200,627,713,19,3655
acastel,3907,2380,23497,13697,165,15024
OrlandoCondoriQ,2959,0,10,65,1,49
raulguerrap,2602,30,49,523,0,49
natyka_g,3263,1639,989,2345,40,4081
jonnathanvaron,3295,4923,657,2292,13,15700
jaljavi,3106,1,96,52,5,5
lizdubu,3126,5319,297,260,2,8605
LuiGomez11,3046,179,145,99,2,2625
naranjandra,3590,5942,1235,563,42,31685
jd_villa,2828,48,272,472,5,860
euclidesmurcia,2619,0,30,14,0,0
dorisgomez6,2622,0,2,3,0,2
Mafefly,2622,320,609,463,63,993
tusk23,3568,2026,94,228,6,3779
ivette_mercado,2626,0,344,52,5,786
qjuanp,3439,3398,1156,1033,59,36090
jualher81,3125,110,270,765,8,1093
HotelHabitat,2644,0,728,1861,4,25
kristw,2799,7148,2773,968,202,6673
jaimeantero,3079,93,210,382,5,479
hectorsaenz,3472,179,227,255,9,6110
crispamares,2917,634,318,393,44,3090
twotimesme,3558,1600,579,1328,30,2095
cajaramillov,2666,0,33,30,1,179
acadavid77,3581,409,1211,1420,36,1910
laura7o,2671,619,112,133,0,5178
elemental_lab,2917,6,226,185,4,220
wili,4064,37,47299,28640,1612,1448
microtask,3356,5,33075,19810,1197,3795
arlhex7,2692,228,46,622,0,126
darkss87,2760,1,108,119,10,404
ismeandres,3509,39,397,1141,7,1720
GilFredy,2903,189,438,1644,21,872
juanmlesquivel,3184,68,118,139,7,2154
huertascar,3527,269,158,172,3,492
juan_dero,3530,222,472,454,19,8231
andrey_gc,2728,142,136,106,1,411
venturesco,3156,981,12353,851,194,3923
juvaloco,3123,274,377,848,10,2657
mecabrush,3949,7,163,723,2,1474
kllus,3359,7,281,388,4,1269
nonlessorganic,3179,3455,393,366,22,9248
JSebasGi,3094,75,36,134,1,890
SantiGutiA,3222,0,31,31,2,17
miluzgc,2849,51,54,120,0,404
CamiloMontes,3571,113,12964,975,326,26142
SICTRANS,3056,1,135,449,0,9
PandyOdiosa,3428,2523,330,233,18,29234
CamiloGaleano,4016,153,1217,1318,50,3501
gxwalsh,4318,196,945,785,106,7231
JhoAguiTo,2883,11,39,138,6,16
changhu_umd,3355,3,76,72,4,380
EmacSolutions,3099,77,630,1746,12,11799
gerrysimari,2900,575,89,151,0,66
eol,3747,585,16775,2891,934,6327
andresTyE,2915,4,986,923,51,1306
MelodyAppAI,3158,38,11764,5486,101,569
redblackkim,2913,0,1,15,1,0
luisuribe,4132,1253,1085,506,74,8779
jh0nb3r,3647,15,173,264,10,1183
cronopio2,3949,3552,1493,1675,127,8115
DejaVuTurismo,2938,0,456,1827,8,172
victoredier,3672,325,402,286,23,4884
JohnFabioRico,3519,373,281,555,3,1905
linita0423,3008,6,54,72,0,121
amyrainey,4088,594,1188,1021,114,6835
judavi,2987,272,2094,779,30,6215
jehutjimenez,3571,13944,988,2771,6,6943
frestrepo1,3054,219,210,662,6,212
Juancabackup,3171,1,62,85,3,53
duto_iris,3073,71,666,795,23,2398
gacaq,3262,9284,747,1029,32,51962
juandavidgomez,3643,1,161,68,12,602
Residual_arte,3215,0,370,523,16,91
oppslac,3209,0,43,174,1,7
el_ceybita,3236,0,194,1023,2,20
reporterosMTV,3376,1,166,106,4,66
MTVdigireport,3297,0,93,63,2,8
agentesdecambio,3297,796,3240,664,62,5216
drjunix,3278,40,277,830,51,1819
anguivego,3342,40,59,58,5,238
caosorio23,3358,457,204,458,7,3913
Cathegc,3609,2930,298,255,6,4501
